hour,weekday_name,distance_to_next_m,time_gap_hours
11,Wednesday,0.0,1.3552777777777778
14,Wednesday,0.0,1.498888888888889
0,Thursday,0.0,8.615833333333333
9,Thursday,0.0,1.7855555555555556
15,Thursday,0.0,2.479722222222222
11,Saturday,0.0,4.034722222222222
19,Tuesday,0.0,1.0238888888888888
14,Wednesday,0.0,2.0719444444444446
20,Wednesday,0.0,13.822222222222223
15,Thursday,0.0,1.7027777777777777
21,Thursday,0.0,12.902777777777779
12,Friday,0.0,4.052777777777778
16,Sunday,0.0,2.3780555555555556
18,Sunday,0.0,14.830833333333333
15,Monday,0.0,1.181111111111111
21,Tuesday,0.0,5.5616666666666665
11,Thursday,0.0,2.408333333333333
11,Friday,0.0,1.0183333333333333
15,Saturday,0.0,20.209444444444443
10,Tuesday,0.0,1.7897222222222222
21,Tuesday,0.0,12.676666666666666
10,Wednesday,0.0,2.6752777777777776
20,Wednesday,0.0,12.077777777777778
10,Friday,0.0,2.0775
18,Sunday,0.0,1.2247222222222223
20,Sunday,0.0,13.248333333333333
14,Tuesday,0.0,1.375
15,Tuesday,0.0,16.631944444444443
8,Wednesday,0.0,2.088888888888889
10,Wednesday,0.0,3.422222222222222
13,Friday,0.0,1.0775
10,Saturday,0.0,1.0730555555555557
17,Saturday,0.0,24.0725
8,Monday,0.0,1.2325
14,Monday,0.0,3.1977777777777776
14,Monday,0.0,1.2313888888888889
15,Monday,0.0,17.968055555555555
17,Tuesday,0.0,2.8208333333333333
8,Thursday,0.0,1.7158333333333333
10,Sunday,0.0,1.1505555555555556
11,Tuesday,0.0,1.3005555555555555
22,Friday,0.0,13.549166666666666
16,Sunday,0.0,2.4180555555555556
18,Monday,0.0,2.008888888888889
21,Thursday,0.0,13.481666666666667
11,Friday,0.0,1.0619444444444444
18,Sunday,0.0,14.024722222222222
11,Tuesday,0.0,2.155
22,Wednesday,0.0,7.028888888888889
12,Monday,0.0,1.3366666666666667
13,Monday,0.0,1.3319444444444444
15,Monday,0.0,1.5455555555555556
12,Tuesday,0.0,1.5577777777777777
8,Thursday,0.0,3.2925
11,Friday,0.0,2.3680555555555554
11,Monday,0.0,1.2291666666666667
10,Tuesday,0.0,2.795
14,Tuesday,0.0,1.6325
15,Wednesday,0.0,1.5316666666666667
17,Wednesday,0.0,1.0019444444444445
18,Wednesday,0.0,2.1144444444444446
9,Friday,0.0,2.198611111111111
15,Sunday,0.0,2.3444444444444446
19,Sunday,0.0,15.553888888888888
7,Tuesday,0.0,2.546111111111111
21,Tuesday,0.0,35.895
15,Thursday,0.0,1.3391666666666666
15,Saturday,0.0,1.515
17,Saturday,0.0,41.82416666666666
11,Monday,0.0,1.0161111111111112
12,Monday,0.0,1.1466666666666667
21,Monday,0.0,13.356388888888889
20,Sunday,0.0,14.928611111111111
11,Monday,0.0,1.1377777777777778
8,Tuesday,0.0,1.5591666666666666
7,Wednesday,0.0,1.2716666666666667
18,Wednesday,0.0,19.380555555555556
13,Sunday,0.0,2.6641666666666666
16,Sunday,0.0,16.38
11,Wednesday,0.0,1.3641666666666667
10,Thursday,0.0,1.7305555555555556
22,Thursday,0.0,8.5275
10,Friday,0.0,1.4952777777777777
11,Friday,0.0,1.93
13,Friday,0.0,1.8144444444444445
15,Friday,0.0,2.671388888888889
14,Saturday,0.0,2.8341666666666665
11,Monday,0.0,1.2236111111111112
13,Monday,0.0,1.1894444444444445
9,Wednesday,0.0,1.4041666666666666
9,Friday,0.0,1.9905555555555556
14,Friday,0.0,1.4136111111111112
18,Sunday,0.0,17.09138888888889
20,Monday,0.0,12.12
8,Tuesday,0.0,2.0652777777777778
17,Tuesday,0.0,40.955
14,Sunday,0.0,4.463888888888889
18,Sunday,0.0,15.961388888888889
12,Wednesday,0.0,1.62
22,Friday,0.0,6.4783333333333335
20,Saturday,0.0,1.7180555555555554
18,Sunday,0.0,2.0744444444444445
10,Monday,0.0,2.5772222222222223
16,Wednesday,0.0,1.3819444444444444
11,Sunday,0.0,9.172777777777778
20,Sunday,0.0,12.815833333333334
9,Monday,0.0,1.1825
12,Monday,0.0,4.2652777777777775
21,Tuesday,0.0,12.3225
9,Wednesday,0.0,2.068888888888889
17,Thursday,0.0,17.500833333333333
20,Friday,0.0,14.640555555555556
12,Sunday,0.0,3.3519444444444444
21,Monday,0.0,21.906666666666666
22,Wednesday,0.0,11.909722222222221
11,Thursday,0.0,1.8002777777777779
20,Thursday,0.0,3.1905555555555556
23,Thursday,0.0,10.515277777777778
17,Sunday,0.0,17.06111111111111
10,Tuesday,0.0,1.2494444444444444
11,Wednesday,0.0,2.1105555555555555
19,Wednesday,0.0,12.568888888888889
11,Friday,0.0,1.3441666666666667
15,Saturday,0.0,5.459444444444444
20,Saturday,0.0,1.5638888888888889
13,Monday,0.0,3.016388888888889
20,Monday,0.0,13.588611111111112
13,Tuesday,0.0,1.4413888888888888
11,Thursday,0.0,1.3811111111111112
20,Thursday,0.0,3.9483333333333333
17,Monday,0.0,3.3441666666666667
21,Tuesday,0.0,15.450833333333334
13,Wednesday,0.0,3.841111111111111
17,Wednesday,0.0,16.50722222222222
15,Sunday,0.0,17.783055555555556
17,Saturday,0.0,18.411666666666665
19,Sunday,0.0,13.158611111111112
8,Monday,0.0,5.381111111111111
12,Tuesday,0.0,1.2461111111111112
17,Friday,0.0,1.7438888888888888
19,Friday,0.0,1.2552777777777777
14,Sunday,0.0,1.9502777777777778
14,Wednesday,0.0,1.085
16,Wednesday,0.0,4.530277777777778
21,Wednesday,0.0,11.790555555555555
22,Thursday,0.0,12.032222222222222
23,Friday,0.0,11.513055555555555
15,Saturday,0.0,1.94
17,Saturday,0.0,2.345833333333333
10,Monday,0.0,1.985
12,Monday,0.0,1.025
20,Saturday,0.0,13.893611111111111
15,Monday,0.0,2.735
20,Monday,0.0,1.6802777777777778
22,Monday,0.0,13.744722222222222
11,Thursday,0.0,1.8155555555555556
10,Friday,0.0,1.218888888888889
9,Monday,0.0,1.4605555555555556
12,Monday,0.0,1.0733333333333333
10,Tuesday,0.0,1.1080555555555556
17,Tuesday,0.0,2.726111111111111
10,Wednesday,0.0,1.876111111111111
12,Wednesday,0.0,1.0586111111111112
13,Wednesday,0.0,1.886111111111111
11,Thursday,0.0,1.1752777777777779
22,Thursday,0.0,8.850277777777778
7,Friday,0.0,1.6977777777777778
14,Friday,0.0,2.1463888888888887
9,Tuesday,0.0,2.5005555555555556
18,Wednesday,0.0,3.189722222222222
16,Thursday,0.0,3.8125
22,Thursday,0.0,10.346944444444444
19,Sunday,0.0,16.933611111111112
18,Monday,0.0,16.65361111111111
21,Tuesday,0.0,12.063333333333333
13,Wednesday,0.0,1.2236111111111112
19,Thursday,0.0,11.838888888888889
11,Friday,0.0,5.799722222222222
18,Friday,0.0,17.04388888888889
11,Saturday,0.0,1.9897222222222222
13,Saturday,0.0,3.5708333333333333
16,Saturday,0.0,18.421944444444446
18,Monday,0.0,2.367777777777778
21,Monday,0.0,13.346944444444444
11,Thursday,0.0,1.9658333333333333
13,Friday,0.0,2.442222222222222
16,Friday,0.0,1.3005555555555555
11,Monday,0.0,2.463888888888889
21,Monday,0.0,12.559444444444445
10,Tuesday,0.0,3.2519444444444443
14,Tuesday,0.0,2.285277777777778
21,Wednesday,0.0,13.239166666666666
11,Thursday,0.0,1.4183333333333332
11,Monday,0.0,1.4875
13,Monday,0.0,3.506388888888889
17,Tuesday,0.0,3.2144444444444447
16,Wednesday,0.0,1.4366666666666668
18,Sunday,0.0,15.964444444444444
1,Wednesday,0.0,11.486944444444445
13,Wednesday,0.0,1.2580555555555555
22,Wednesday,0.0,10.643055555555556
13,Saturday,0.0,1.2291666666666667
18,Saturday,0.0,15.816666666666666
10,Tuesday,0.0,4.696111111111111
15,Tuesday,0.0,1.158611111111111
9,Wednesday,0.0,1.0077777777777779
14,Wednesday,0.0,1.073888888888889
16,Wednesday,0.0,1.2694444444444444
19,Saturday,0.0,24.886388888888888
10,Friday,0.0,1.8241666666666667
13,Saturday,0.0,2.9791666666666665
12,Tuesday,0.0,1.5811111111111111
20,Friday,0.0,2.915277777777778
16,Saturday,0.0,17.61611111111111
12,Monday,0.0,1.4536111111111112
17,Monday,0.0,2.811111111111111
11,Tuesday,0.0,1.4066666666666667
17,Tuesday,0.0,2.3891666666666667
11,Thursday,0.0,2.1825
14,Sunday,0.0,2.222777777777778
16,Sunday,0.0,1.5
18,Sunday,0.0,1.4258333333333333
15,Monday,0.0,1.241111111111111
17,Monday,0.0,2.9027777777777777
21,Monday,0.0,15.111666666666666
14,Wednesday,0.0,1.4691666666666667
20,Wednesday,0.0,15.57611111111111
17,Sunday,0.0,16.87361111111111
10,Monday,0.0,2.3158333333333334
22,Monday,0.0,15.380277777777778
20,Tuesday,0.0,14.902222222222223
11,Wednesday,0.0,1.6788888888888889
17,Friday,0.0,1.3216666666666668
19,Friday,0.0,1.1791666666666667
21,Monday,0.0,12.645
11,Wednesday,0.0,1.6188888888888888
13,Wednesday,0.0,1.3347222222222221
15,Wednesday,0.0,4.477222222222222
10,Thursday,0.0,1.4055555555555554
0,Friday,0.0,9.209722222222222
9,Friday,0.0,1.8111111111111111
11,Monday,0.0,2.2488888888888887
13,Monday,0.0,2.573888888888889
16,Monday,0.0,2.7202777777777776
18,Tuesday,0.0,1.2161111111111111
7,Thursday,0.0,3.164722222222222
19,Sunday,0.0,14.568333333333333
18,Monday,0.0,1.53
18,Tuesday,0.0,18.62611111111111
12,Wednesday,0.0,1.8072222222222223
14,Wednesday,0.0,70.83027777777778
13,Saturday,0.0,1.7136111111111112
14,Monday,0.0,1.0975
20,Friday,0.0,13.654444444444444
13,Saturday,0.0,2.3672222222222223
9,Wednesday,0.0,1.8697222222222223
13,Thursday,0.0,1.79
23,Thursday,0.0,12.384444444444444
16,Monday,0.0,1.5905555555555555
9,Tuesday,0.0,1.4533333333333334
13,Tuesday,0.0,2.078611111111111
17,Tuesday,0.0,3.0808333333333335
21,Friday,0.0,15.635833333333334
13,Saturday,0.0,5.5875
16,Monday,0.0,1.3416666666666666
11,Tuesday,0.0,1.6497222222222223
18,Monday,0.0,2.5980555555555553
22,Monday,0.0,12.648888888888889
9,Wednesday,0.0,1.9605555555555556
15,Wednesday,0.0,1.32
14,Thursday,0.0,1.968611111111111
20,Thursday,0.0,13.776666666666667
21,Friday,0.0,12.954444444444444
10,Tuesday,0.0,1.271388888888889
13,Thursday,0.0,1.7663888888888888
10,Monday,0.0,1.9358333333333333
13,Tuesday,0.0,2.5933333333333333
16,Tuesday,0.0,2.6644444444444444
20,Tuesday,0.0,15.052222222222222
10,Monday,0.0,2.0455555555555556
15,Tuesday,0.0,1.4241666666666666
10,Wednesday,0.0,5.930555555555555
10,Thursday,0.0,2.055277777777778
17,Thursday,0.0,2.4283333333333332
15,Friday,0.0,1.3408333333333333
21,Friday,0.0,16.820833333333333
17,Saturday,0.0,16.232222222222223
19,Sunday,0.0,14.25611111111111
17,Tuesday,0.0,3.9005555555555556
11,Wednesday,0.0,1.3166666666666667
16,Wednesday,0.0,5.0938888888888885
22,Thursday,0.0,11.11888888888889
9,Friday,0.0,1.808888888888889
21,Sunday,0.0,14.692222222222222
12,Monday,0.0,1.0947222222222222
11,Tuesday,0.0,1.9322222222222223
18,Tuesday,0.0,1.691111111111111
19,Tuesday,0.0,1.4758333333333333
11,Thursday,0.0,1.4091666666666667
13,Thursday,0.0,2.0833333333333335
19,Sunday,0.0,13.864722222222222
11,Monday,0.0,1.0783333333333334
12,Monday,0.0,1.2247222222222223
19,Tuesday,0.0,1.5186111111111111
9,Thursday,0.0,1.6405555555555555
10,Friday,0.0,1.0883333333333334
16,Saturday,0.0,17.886111111111113
10,Sunday,0.0,10.578888888888889
21,Sunday,0.0,13.9375
17,Monday,0.0,2.476111111111111
10,Thursday,0.0,1.0102777777777778
12,Friday,0.0,3.930277777777778
19,Saturday,0.0,1.683888888888889
22,Saturday,0.0,13.169722222222223
20,Sunday,0.0,1.0013888888888889
21,Sunday,0.0,13.81861111111111
17,Monday,0.0,1.985
9,Tuesday,0.0,2.104722222222222
18,Tuesday,0.0,1.5427777777777778
14,Thursday,0.0,2.591388888888889
17,Thursday,0.0,1.0180555555555555
16,Saturday,0.0,1.5038888888888888
12,Monday,0.0,1.795
20,Wednesday,0.0,14.658055555555556
11,Thursday,0.0,1.7527777777777778
13,Thursday,0.0,1.9902777777777778
16,Sunday,0.0,3.913611111111111
22,Tuesday,0.0,11.749722222222223
12,Wednesday,0.0,1.3672222222222221
14,Wednesday,0.0,1.7430555555555556
7,Thursday,0.0,1.9613888888888888
13,Thursday,0.0,1.7805555555555554
13,Saturday,0.0,2.881666666666667
20,Saturday,0.0,14.666666666666666
9,Monday,0.0,1.6225
12,Monday,0.0,1.0802777777777777
12,Tuesday,0.0,2.1169444444444445
16,Tuesday,0.0,1.0652777777777778
17,Tuesday,0.0,17.75722222222222
14,Thursday,0.0,1.356111111111111
12,Friday,0.0,1.8572222222222223
13,Saturday,0.0,2.4644444444444447
17,Monday,0.0,1.8805555555555555
10,Tuesday,0.0,1.1602777777777777
10,Wednesday,0.0,2.2888888888888888
12,Wednesday,0.0,1.0655555555555556
12,Thursday,0.0,1.166111111111111
13,Thursday,0.0,1.0177777777777777
11,Friday,0.0,7.295
12,Saturday,0.0,3.8730555555555557
16,Wednesday,0.0,15.288611111111111
12,Thursday,0.0,1.2466666666666666
11,Friday,0.0,1.5675
0,Monday,0.0,8.836388888888889
20,Monday,0.0,13.48638888888889
9,Tuesday,0.0,1.6930555555555555
11,Tuesday,0.0,1.9183333333333332
14,Thursday,0.0,1.7819444444444446
21,Friday,0.0,12.256666666666666
13,Monday,0.0,2.3113888888888887
20,Monday,0.0,15.350555555555555
16,Sunday,0.0,6.387777777777778
15,Monday,0.0,2.2416666666666667
10,Tuesday,0.0,1.03
18,Wednesday,0.0,3.281111111111111
18,Friday,0.0,46.91972222222222
20,Monday,0.0,14.05888888888889
17,Tuesday,0.0,2.330277777777778
22,Tuesday,0.0,7.091666666666667
10,Friday,0.0,2.2258333333333336
9,Saturday,0.0,3.1277777777777778
14,Saturday,0.0,1.121388888888889
15,Saturday,0.0,26.5325
12,Thursday,0.0,1.1997222222222221
13,Thursday,0.0,1.103888888888889
15,Thursday,0.0,1.2175
9,Friday,0.0,2.0494444444444446
21,Sunday,0.0,11.776111111111112
10,Monday,0.0,1.8252777777777778
22,Monday,0.0,12.195
9,Wednesday,0.0,1.861388888888889
9,Friday,0.0,2.801111111111111
12,Wednesday,0.0,2.108611111111111
9,Thursday,0.0,2.2352777777777777
9,Friday,0.0,1.3411111111111111
19,Sunday,0.0,15.869722222222222
12,Tuesday,0.0,1.208888888888889
9,Wednesday,0.0,1.3255555555555556
16,Wednesday,0.0,4.995833333333334
22,Sunday,0.0,12.38
10,Wednesday,0.0,1.5316666666666667
19,Thursday,0.0,16.5175
13,Sunday,0.0,19.999166666666667
13,Tuesday,0.0,1.0716666666666668
8,Wednesday,0.0,1.2669444444444444
10,Wednesday,0.0,1.9316666666666666
13,Wednesday,0.0,3.9166666666666665
17,Wednesday,0.0,3.7830555555555554
21,Wednesday,0.0,2.4702777777777776
0,Thursday,0.0,10.115
14,Friday,0.0,1.4891666666666667
16,Saturday,0.0,1.9225
17,Saturday,0.0,1.0083333333333333
16,Sunday,0.0,16.810277777777777
10,Monday,0.0,1.5066666666666666
13,Tuesday,0.0,2.1702777777777778
15,Tuesday,0.0,1.015
20,Sunday,0.0,13.4925
11,Wednesday,0.0,1.4191666666666667
16,Wednesday,0.0,2.2091666666666665
15,Thursday,0.0,1.3844444444444444
18,Thursday,0.0,1.116111111111111
19,Thursday,0.0,2.0366666666666666
11,Saturday,0.0,2.653888888888889
11,Sunday,0.0,6.281666666666666
13,Thursday,0.0,3.1625
16,Thursday,0.0,5.279166666666667
9,Tuesday,0.0,1.333611111111111
15,Tuesday,0.0,19.365
18,Friday,0.0,50.250277777777775
11,Monday,0.0,1.7677777777777777
18,Monday,0.0,2.5283333333333333
12,Tuesday,0.0,2.3647222222222224
18,Friday,0.0,2.6333333333333333
20,Friday,0.0,13.521666666666667
12,Saturday,0.0,4.187777777777778
11,Monday,0.0,1.4961111111111112
10,Tuesday,0.0,2.5869444444444443
13,Wednesday,0.0,1.261388888888889
13,Thursday,0.0,1.1119444444444444
14,Thursday,0.0,2.832222222222222
22,Thursday,0.0,11.1175
11,Friday,0.0,1.603611111111111
14,Saturday,0.0,3.393611111111111
19,Saturday,0.0,28.65861111111111
12,Monday,0.0,1.0147222222222223
1,Wednesday,0.0,8.617777777777778
12,Wednesday,0.0,1.8472222222222223
14,Thursday,0.0,1.898611111111111
16,Thursday,0.0,1.4736111111111112
10,Friday,0.0,1.0983333333333334
12,Friday,0.0,55.76305555555555
11,Monday,0.0,1.0075
22,Monday,0.0,10.493611111111111
8,Tuesday,0.0,1.308888888888889
21,Tuesday,0.0,1.238888888888889
23,Tuesday,0.0,10.337222222222222
14,Wednesday,0.0,2.171388888888889
16,Friday,0.0,1.2130555555555556
16,Saturday,0.0,2.332222222222222
19,Saturday,0.0,14.185277777777777
14,Sunday,0.0,2.266111111111111
20,Sunday,0.0,13.01
13,Monday,0.0,1.1397222222222223
12,Tuesday,0.0,2.946111111111111
16,Tuesday,0.0,15.600277777777778
13,Thursday,0.0,2.0252777777777777
20,Friday,0.0,22.059444444444445
18,Saturday,0.0,16.991944444444446
10,Monday,0.0,1.0877777777777777
10,Wednesday,0.0,1.0994444444444444
14,Wednesday,0.0,1.666111111111111
10,Thursday,0.0,1.2513888888888889
12,Thursday,0.0,1.6975
21,Thursday,0.0,12.136388888888888
11,Friday,0.0,2.2483333333333335
15,Friday,0.0,2.0694444444444446
11,Saturday,0.0,1.4477777777777778
14,Tuesday,0.0,2.564722222222222
17,Wednesday,0.0,2.8227777777777776
16,Friday,0.0,21.1425
20,Saturday,0.0,13.707222222222223
10,Sunday,0.0,1.6069444444444445
9,Monday,0.0,2.312222222222222
17,Tuesday,0.0,1.7316666666666667
22,Tuesday,0.0,12.485277777777778
13,Wednesday,0.0,1.3175
16,Thursday,0.0,4.565833333333333
19,Monday,0.0,1.146111111111111
13,Wednesday,0.0,1.3897222222222223
10,Thursday,0.0,1.636388888888889
23,Sunday,0.0,14.233055555555556
20,Monday,0.0,14.761944444444444
11,Wednesday,0.0,1.4058333333333333
14,Wednesday,0.0,2.0719444444444446
21,Thursday,0.0,12.549722222222222
9,Friday,0.0,1.2769444444444444
18,Sunday,0.0,2.3319444444444444
20,Sunday,0.0,12.456666666666667
12,Tuesday,0.0,3.2
9,Friday,0.0,2.247777777777778
16,Saturday,0.0,7.343055555555556
16,Sunday,0.0,16.56111111111111
16,Saturday,0.0,18.291666666666668
16,Sunday,0.0,1.128611111111111
20,Sunday,0.0,3.8002777777777776
10,Monday,0.0,1.055
15,Monday,0.0,1.113611111111111
20,Monday,0.0,16.18027777777778
21,Tuesday,0.0,11.481944444444444
14,Wednesday,0.0,3.1458333333333335
23,Wednesday,0.0,11.234444444444444
10,Thursday,0.0,1.3158333333333334
12,Thursday,0.0,1.2941666666666667
22,Thursday,0.0,9.395555555555555
13,Friday,0.0,1.875
16,Friday,0.0,2.4988888888888887
19,Friday,0.0,1.6830555555555555
10,Monday,0.0,1.1075
19,Monday,0.0,6.226944444444444
1,Tuesday,0.0,4.9527777777777775
23,Wednesday,0.0,12.755555555555556
11,Thursday,0.0,2.2608333333333333
19,Thursday,0.0,6.030833333333334
20,Friday,0.0,40.025
12,Sunday,0.0,4.099722222222222
17,Sunday,0.0,3.6527777777777777
23,Monday,0.0,10.859166666666667
17,Tuesday,0.0,2.1219444444444444
21,Tuesday,0.0,13.229166666666666
13,Saturday,0.0,28.15861111111111
20,Monday,0.0,17.141944444444444
13,Thursday,0.0,3.207222222222222
3,Friday,0.0,13.553055555555556
11,Saturday,0.0,3.4233333333333333
18,Saturday,0.0,17.95611111111111
12,Sunday,0.0,4.816111111111111
17,Sunday,0.0,15.485555555555555
16,Monday,0.0,1.263611111111111
20,Monday,0.0,17.419722222222223
11,Wednesday,0.0,1.3322222222222222
22,Wednesday,0.0,11.642777777777777
14,Thursday,0.0,1.1527777777777777
15,Friday,0.0,2.0608333333333335
16,Saturday,0.0,1.1444444444444444
16,Sunday,0.0,2.0391666666666666
21,Sunday,0.0,11.669722222222223
19,Monday,0.0,1.2277777777777779
11,Tuesday,0.0,2.1769444444444446
21,Tuesday,0.0,11.489166666666666
9,Monday,0.0,3.1280555555555556
13,Monday,0.0,2.703333333333333
12,Tuesday,0.0,1.7822222222222222
14,Saturday,0.0,4.1075
18,Saturday,0.0,4.479166666666667
22,Saturday,0.0,11.695833333333333
20,Sunday,0.0,12.870555555555555
9,Monday,0.0,2.3719444444444444
11,Tuesday,0.0,1.225
9,Thursday,0.0,3.4255555555555555
17,Thursday,0.0,1.6888888888888889
16,Saturday,0.0,2.9633333333333334
10,Monday,0.0,2.267777777777778
10,Wednesday,0.0,1.4858333333333333
13,Thursday,0.0,1.3869444444444445
14,Saturday,0.0,1.0366666666666666
17,Saturday,0.0,18.315555555555555
10,Monday,0.0,2.4975
17,Tuesday,0.0,22.4525
15,Friday,0.0,2.2575
18,Saturday,0.0,1.226388888888889
12,Sunday,0.0,1.6841666666666666
19,Sunday,0.0,1.6669444444444443
22,Sunday,0.0,10.23638888888889
17,Monday,0.0,1.5833333333333333
12,Tuesday,0.0,1.2302777777777778
22,Thursday,0.0,2.4808333333333334
1,Friday,0.0,8.946388888888889
20,Sunday,0.0,12.785277777777777
10,Monday,0.0,1.525
12,Monday,0.0,1.9427777777777777
17,Monday,0.0,2.218611111111111
13,Tuesday,0.0,2.1661111111111113
11,Wednesday,0.0,2.0866666666666664
13,Thursday,0.0,3.266388888888889
11,Friday,0.0,1.2230555555555556
12,Monday,0.0,1.6308333333333334
16,Monday,0.0,1.0019444444444445
9,Tuesday,0.0,2.0769444444444445
12,Wednesday,0.0,1.3669444444444445
11,Thursday,0.0,1.0591666666666666
21,Thursday,0.0,14.842222222222222
13,Friday,0.0,3.768611111111111
17,Friday,0.0,2.1419444444444444
19,Saturday,0.0,16.031388888888888
12,Monday,0.0,1.781111111111111
11,Tuesday,0.0,1.455
22,Saturday,0.0,12.528055555555556
9,Tuesday,0.0,2.0125
9,Thursday,0.0,1.8280555555555555
10,Thursday,0.0,2.7777777777777777
11,Friday,0.0,1.8316666666666668
14,Saturday,0.0,1.1047222222222222
18,Saturday,0.0,1.073888888888889
11,Sunday,0.0,4.023333333333333
15,Sunday,0.0,8.956666666666667
13,Monday,0.0,2.517777777777778
13,Tuesday,0.0,3.1858333333333335
10,Thursday,0.0,1.4608333333333334
23,Thursday,0.0,10.761388888888888
22,Friday,0.0,12.013055555555555
11,Saturday,0.0,1.6636111111111112
17,Saturday,0.0,6.565833333333333
8,Wednesday,0.0,2.8233333333333333
12,Wednesday,0.0,1.4297222222222221
14,Thursday,0.0,2.6008333333333336
22,Thursday,0.0,12.147777777777778
17,Saturday,0.0,3.1358333333333333
10,Monday,0.0,1.1027777777777779
12,Monday,0.0,1.1655555555555555
22,Tuesday,0.0,9.133611111111112
11,Wednesday,0.0,7.3597222222222225
18,Wednesday,0.0,3.115
12,Thursday,0.0,2.7080555555555557
22,Thursday,0.0,9.5075
12,Friday,0.0,2.147222222222222
14,Friday,0.0,3.910833333333333
15,Saturday,0.0,1.0458333333333334
19,Saturday,0.0,1.925
14,Monday,0.0,167.69222222222223
10,Tuesday,0.0,1.1169444444444445
11,Tuesday,0.0,1.2513888888888889
22,Wednesday,0.0,9.427222222222222
12,Thursday,0.0,1.4741666666666666
13,Thursday,0.0,1.708888888888889
15,Thursday,0.0,1.1833333333333333
17,Thursday,0.0,3.770277777777778
4,Friday,0.0,101.2786111111111
10,Tuesday,0.0,1.3008333333333333
12,Tuesday,0.0,1.0625
17,Tuesday,0.0,1.9322222222222223
17,Thursday,0.0,1.001111111111111
23,Thursday,0.0,8.9475
10,Monday,0.0,1.646388888888889
14,Monday,0.0,2.986666666666667
14,Tuesday,0.0,1.0183333333333333
13,Wednesday,0.0,1.7261111111111112
21,Wednesday,0.0,2.908888888888889
0,Thursday,0.0,9.076944444444445
20,Sunday,0.0,3.0380555555555557
11,Tuesday,0.0,1.0677777777777777
21,Tuesday,0.0,12.79138888888889
10,Thursday,0.0,1.6116666666666666
12,Thursday,0.0,2.0544444444444445
13,Monday,0.0,2.0922222222222224
15,Monday,0.0,1.3802777777777777
12,Tuesday,0.0,1.6513888888888888
18,Thursday,0.0,1.4502777777777778
21,Thursday,0.0,12.741666666666667
14,Friday,0.0,1.0786111111111112
14,Monday,0.0,1.4044444444444444
22,Monday,0.0,12.605
21,Wednesday,0.0,12.425833333333333
12,Monday,0.0,2.5405555555555557
14,Wednesday,0.0,1.0552777777777778
15,Wednesday,0.0,2.5141666666666667
17,Thursday,0.0,1.936388888888889
10,Friday,0.0,1.3466666666666667
13,Saturday,0.0,1.0458333333333334
18,Saturday,0.0,26.565277777777776
11,Monday,0.0,1.9025
14,Monday,0.0,1.9697222222222222
22,Monday,0.0,11.902222222222223
15,Tuesday,0.0,1.2530555555555556
17,Tuesday,0.0,2.372777777777778
20,Sunday,0.0,13.307222222222222
11,Monday,0.0,1.4658333333333333
10,Tuesday,0.0,3.506388888888889
20,Tuesday,0.0,11.217777777777778
12,Friday,0.0,1.1488888888888888
9,Monday,0.0,1.623888888888889
13,Monday,0.0,2.6475
15,Monday,0.0,2.2519444444444443
19,Monday,0.0,1.7944444444444445
14,Tuesday,0.0,1.0355555555555556
21,Thursday,0.0,14.12
17,Friday,0.0,3.3297222222222222
20,Friday,0.0,13.215277777777779
12,Saturday,0.0,1.3141666666666667
14,Saturday,0.0,2.289722222222222
16,Saturday,0.0,1.7283333333333333
20,Saturday,0.0,16.678333333333335
16,Monday,0.0,2.359722222222222
15,Wednesday,0.0,1.7838888888888889
15,Sunday,0.0,3.418888888888889
18,Sunday,0.0,17.185555555555556
22,Monday,0.0,11.823888888888888
13,Tuesday,0.0,3.4658333333333333
17,Tuesday,0.0,2.8866666666666667
9,Wednesday,0.0,1.1169444444444445
22,Thursday,0.0,14.711666666666666
17,Monday,0.0,1.9119444444444444
17,Tuesday,0.0,4.884444444444444
11,Wednesday,0.0,1.7558333333333334
0,Thursday,0.0,10.52111111111111
11,Thursday,0.0,2.0233333333333334
14,Thursday,0.0,1.5208333333333333
9,Friday,0.0,2.667222222222222
12,Monday,0.0,1.8830555555555555
12,Tuesday,0.0,3.316666666666667
16,Tuesday,0.0,2.4594444444444443
11,Wednesday,0.0,3.151666666666667
23,Wednesday,0.0,8.915277777777778
10,Thursday,0.0,1.8652777777777778
20,Thursday,0.0,13.83611111111111
14,Friday,0.0,1.1447222222222222
13,Saturday,0.0,5.035833333333334
18,Saturday,0.0,20.14388888888889
21,Sunday,0.0,14.188333333333333
17,Tuesday,0.0,1.8855555555555557
21,Sunday,0.0,12.032777777777778
22,Monday,0.0,1.7075
0,Tuesday,0.0,9.06638888888889
15,Tuesday,0.0,1.5216666666666667
21,Tuesday,0.0,2.1305555555555555
23,Tuesday,0.0,8.755277777777778
15,Thursday,0.0,4.276666666666666
18,Friday,0.0,1.426388888888889
16,Sunday,0.0,1.385
18,Sunday,0.0,1.3541666666666667
19,Sunday,0.0,2.399722222222222
22,Sunday,0.0,14.660277777777777
13,Monday,0.0,1.8541666666666667
12,Wednesday,0.0,1.3227777777777778
11,Thursday,0.0,4.5008333333333335
13,Friday,0.0,2.9475
15,Sunday,0.0,1.2180555555555554
12,Tuesday,0.0,1.3486111111111112
17,Tuesday,0.0,2.2716666666666665
13,Wednesday,0.0,1.64
15,Wednesday,0.0,3.1075
9,Thursday,0.0,1.7355555555555555
10,Thursday,0.0,3.4697222222222224
9,Friday,0.0,1.1280555555555556
12,Friday,0.0,2.0080555555555555
22,Friday,0.0,11.817777777777778
14,Saturday,0.0,2.3375
21,Monday,0.0,1.955
0,Tuesday,0.0,9.3475
10,Tuesday,0.0,1.4030555555555555
22,Tuesday,0.0,13.711666666666666
12,Wednesday,0.0,1.6083333333333334
14,Wednesday,0.0,1.025
10,Thursday,0.0,1.0816666666666668
11,Sunday,0.0,1.6980555555555557
17,Monday,0.0,1.3591666666666666
15,Tuesday,0.0,1.1672222222222222
21,Tuesday,0.0,12.21861111111111
13,Thursday,0.0,1.586111111111111
14,Thursday,0.0,1.6822222222222223
12,Sunday,0.0,21.460555555555555
11,Monday,0.0,1.5986111111111112
15,Monday,0.0,2.1230555555555557
19,Monday,0.0,1.8672222222222221
16,Thursday,0.0,1.1622222222222223
21,Thursday,0.0,11.19138888888889
11,Friday,0.0,1.775
16,Friday,0.0,4.172777777777778
11,Monday,0.0,1.3688888888888888
12,Tuesday,0.0,1.0325
9,Wednesday,0.0,1.528888888888889
22,Wednesday,0.0,9.818888888888889
13,Thursday,0.0,2.4705555555555554
10,Friday,0.0,1.1413888888888888
14,Saturday,0.0,2.227222222222222
14,Sunday,0.0,1.9327777777777777
17,Thursday,0.0,1.7044444444444444
11,Friday,0.0,1.0394444444444444
11,Saturday,0.0,1.7297222222222222
17,Saturday,0.0,19.677777777777777
12,Monday,0.0,2.441388888888889
10,Tuesday,0.0,1.4725
13,Tuesday,0.0,1.6758333333333333
15,Tuesday,0.0,1.3175
10,Wednesday,0.0,1.7841666666666667
15,Wednesday,0.0,3.6458333333333335
15,Friday,0.0,4.570277777777778
13,Saturday,0.0,2.3130555555555556
10,Tuesday,0.0,1.0272222222222223
17,Tuesday,0.0,2.0097222222222224
12,Thursday,0.0,1.6725
14,Thursday,0.0,1.0769444444444445
17,Thursday,0.0,2.7375
19,Friday,0.0,13.435277777777777
14,Sunday,0.0,19.280555555555555
9,Monday,0.0,1.2341666666666666
10,Monday,0.0,2.120277777777778
13,Tuesday,0.0,1.8755555555555556
13,Wednesday,0.0,2.9402777777777778
13,Thursday,0.0,1.1158333333333332
14,Saturday,0.0,1.9977777777777779
16,Sunday,0.0,5.016944444444444
22,Sunday,0.0,10.047222222222222
13,Tuesday,0.0,1.8877777777777778
23,Friday,0.0,11.53
14,Sunday,0.0,19.923055555555557
10,Monday,0.0,1.6391666666666667
14,Tuesday,0.0,1.6344444444444444
17,Tuesday,0.0,1.6097222222222223
18,Tuesday,0.0,1.1436111111111111
9,Wednesday,0.0,1.8644444444444443
13,Wednesday,0.0,1.4602777777777778
19,Wednesday,0.0,1.4144444444444444
23,Wednesday,0.0,11.218333333333334
13,Thursday,0.0,2.2905555555555557
18,Thursday,0.0,3.991388888888889
17,Saturday,0.0,1.0452777777777778
14,Monday,0.0,1.3033333333333332
16,Monday,0.0,1.4358333333333333
17,Monday,0.0,2.897222222222222
21,Monday,0.0,12.930833333333334
15,Tuesday,0.0,1.6727777777777777
20,Tuesday,0.0,2.8369444444444443
23,Tuesday,0.0,8.304444444444444
15,Wednesday,0.0,1.426111111111111
11,Thursday,0.0,1.3663888888888889
13,Thursday,0.0,1.3772222222222221
16,Thursday,0.0,1.4391666666666667
22,Thursday,0.0,13.508888888888889
13,Sunday,0.0,7.703611111111111
21,Sunday,0.0,13.431944444444444
12,Monday,0.0,1.3730555555555555
13,Monday,0.0,4.294722222222222
18,Monday,0.0,2.2855555555555553
12,Tuesday,0.0,1.3944444444444444
21,Wednesday,0.0,2.6347222222222224
13,Sunday,0.0,1.945
20,Monday,0.0,18.739166666666666
17,Tuesday,0.0,3.7205555555555554
20,Tuesday,0.0,14.817777777777778
21,Wednesday,0.0,13.571111111111112
14,Thursday,0.0,3.6533333333333333
15,Friday,0.0,4.253611111111111
0,Saturday,0.0,1.64
3,Saturday,0.0,32.93222222222222
12,Sunday,0.0,3.5527777777777776
16,Monday,0.0,2.7555555555555555
9,Friday,0.0,2.0838888888888887
18,Friday,0.0,1.2477777777777779
14,Monday,0.0,3.338888888888889
15,Tuesday,0.0,1.2266666666666666
12,Wednesday,0.0,2.147777777777778
12,Tuesday,0.0,1.711111111111111
13,Tuesday,0.0,1.1827777777777777
22,Wednesday,0.0,13.606666666666667
17,Thursday,0.0,1.0452777777777778
10,Monday,0.0,3.2177777777777776
14,Monday,0.0,1.1488888888888888
22,Monday,0.0,11.903611111111111
18,Tuesday,0.0,1.7097222222222221
19,Wednesday,0.0,13.948888888888888
12,Thursday,0.0,1.4041666666666666
14,Thursday,0.0,1.5086111111111111
17,Thursday,0.0,1.2694444444444444
18,Thursday,0.0,1.0086111111111111
17,Sunday,0.0,16.198333333333334
13,Monday,0.0,1.1672222222222222
15,Monday,0.0,1.4494444444444445
18,Monday,0.0,2.0077777777777777
20,Monday,0.0,14.205555555555556
17,Tuesday,0.0,2.2816666666666667
19,Tuesday,0.0,1.545
14,Wednesday,0.0,1.1519444444444444
12,Thursday,0.0,1.8408333333333333
17,Thursday,0.0,4.3933333333333335
13,Saturday,0.0,3.9563888888888887
20,Monday,0.0,1.6230555555555555
22,Monday,0.0,10.618333333333334
8,Tuesday,0.0,1.0291666666666666
13,Tuesday,0.0,1.2444444444444445
21,Tuesday,0.0,11.59388888888889
9,Wednesday,0.0,1.1652777777777779
10,Wednesday,0.0,1.093888888888889
21,Wednesday,0.0,15.347777777777777
13,Thursday,0.0,1.3505555555555555
14,Thursday,0.0,1.9052777777777778
17,Friday,0.0,1.285
15,Sunday,0.0,1.9002777777777777
19,Sunday,0.0,14.942222222222222
12,Monday,0.0,1.986388888888889
15,Tuesday,0.0,1.2258333333333333
21,Tuesday,0.0,10.020555555555555
17,Sunday,0.0,1.7325
19,Sunday,0.0,14.230833333333333
9,Tuesday,0.0,1.3913888888888888
11,Tuesday,0.0,1.5316666666666667
19,Wednesday,0.0,1.7013888888888888
10,Thursday,0.0,2.331111111111111
20,Thursday,0.0,14.790277777777778
11,Friday,0.0,1.0025
12,Friday,0.0,1.1952777777777779
21,Friday,0.0,6.163888888888889
11,Saturday,0.0,1.14
19,Saturday,0.0,3.5216666666666665
17,Monday,0.0,1.7261111111111112
11,Tuesday,0.0,1.5072222222222222
17,Tuesday,0.0,2.305
23,Tuesday,0.0,9.4925
8,Wednesday,0.0,1.0477777777777777
12,Wednesday,0.0,1.4419444444444445
16,Wednesday,0.0,1.916388888888889
14,Sunday,0.0,2.4280555555555554
21,Sunday,0.0,12.395555555555555
20,Tuesday,0.0,12.5
20,Wednesday,0.0,12.34361111111111
23,Thursday,0.0,10.460833333333333
16,Monday,0.0,1.8808333333333334
20,Monday,0.0,1.7019444444444445
14,Tuesday,0.0,1.5233333333333334
18,Thursday,0.0,2.598888888888889
12,Sunday,0.0,3.3402777777777777
16,Sunday,0.0,5.6530555555555555
21,Sunday,0.0,11.435833333333333
22,Monday,0.0,12.774444444444445
21,Tuesday,0.0,12.71
21,Wednesday,0.0,12.207777777777778
13,Thursday,0.0,2.1286111111111112
17,Thursday,0.0,1.3633333333333333
22,Thursday,0.0,11.591388888888888
11,Friday,0.0,2.2316666666666665
18,Saturday,0.0,2.902222222222222
15,Monday,0.0,1.0691666666666666
23,Monday,0.0,10.126111111111111
12,Tuesday,0.0,2.5083333333333333
21,Tuesday,0.0,13.603055555555555
10,Wednesday,0.0,2.1552777777777776
16,Wednesday,0.0,1.163888888888889
21,Wednesday,0.0,11.987222222222222
15,Thursday,0.0,1.0725
12,Friday,0.0,2.8544444444444443
15,Friday,0.0,1.128611111111111
22,Monday,0.0,12.045
11,Tuesday,0.0,1.3905555555555555
18,Tuesday,0.0,1.1894444444444445
20,Tuesday,0.0,1.7972222222222223
13,Wednesday,0.0,1.9675
19,Wednesday,0.0,2.1358333333333333
21,Wednesday,0.0,13.604166666666666
18,Thursday,0.0,1.9797222222222222
20,Thursday,0.0,22.2075
12,Sunday,0.0,1.1247222222222222
13,Sunday,0.0,1.8883333333333334
15,Sunday,0.0,17.906944444444445
13,Monday,0.0,2.2616666666666667
19,Monday,0.0,1.7519444444444445
22,Monday,0.0,11.691944444444445
12,Tuesday,0.0,2.507222222222222
19,Friday,0.0,3.218611111111111
13,Saturday,0.0,2.9819444444444443
14,Sunday,0.0,2.7247222222222223
17,Sunday,0.0,17.23111111111111
13,Tuesday,0.0,2.1213888888888888
20,Tuesday,0.0,1.6616666666666666
22,Tuesday,0.0,10.364444444444445
8,Wednesday,0.0,1.8830555555555555
22,Wednesday,0.0,14.149722222222222
12,Friday,0.0,4.021111111111111
17,Saturday,0.0,1.478611111111111
12,Sunday,0.0,2.6422222222222222
19,Sunday,0.0,14.036388888888888
13,Monday,0.0,1.62
15,Monday,0.0,4.703888888888889
15,Tuesday,0.0,1.3652777777777778
21,Wednesday,0.0,1.021388888888889
13,Thursday,0.0,1.8530555555555555
16,Sunday,0.0,16.544166666666666
9,Monday,0.0,1.5702777777777779
10,Monday,0.0,1.2883333333333333
21,Monday,0.0,10.366388888888888
20,Tuesday,0.0,12.816666666666666
9,Wednesday,0.0,1.0869444444444445
12,Thursday,0.0,1.4069444444444446
10,Friday,0.0,1.083611111111111
19,Saturday,0.0,21.60861111111111
17,Sunday,0.0,17.71472222222222
12,Tuesday,0.0,1.3316666666666668
15,Tuesday,0.0,1.0005555555555556
22,Tuesday,0.0,10.280277777777778
14,Wednesday,0.0,1.6688888888888889
15,Saturday,0.0,2.894722222222222
20,Sunday,0.0,4.548611111111111
1,Monday,0.0,8.649722222222222
10,Tuesday,0.0,1.1905555555555556
12,Tuesday,0.0,1.0719444444444444
13,Tuesday,0.0,1.2652777777777777
23,Tuesday,0.0,9.241111111111111
11,Thursday,0.0,1.4025
17,Thursday,0.0,1.155
19,Thursday,0.0,1.9702777777777778
10,Saturday,0.0,32.7375
20,Sunday,0.0,1.52
14,Monday,0.0,1.1797222222222221
17,Monday,0.0,2.578888888888889
22,Monday,0.0,12.022222222222222
22,Tuesday,0.0,11.801388888888889
10,Wednesday,0.0,1.2797222222222222
21,Wednesday,0.0,1.2216666666666667
22,Wednesday,0.0,10.141666666666667
20,Friday,0.0,1.0141666666666667
12,Monday,0.0,1.1713888888888888
12,Tuesday,0.0,1.4091666666666667
11,Wednesday,0.0,2.581111111111111
14,Wednesday,0.0,1.3130555555555556
16,Wednesday,0.0,1.2225
18,Wednesday,0.0,22.37611111111111
18,Thursday,0.0,2.481388888888889
18,Saturday,0.0,16.565277777777776
12,Sunday,0.0,2.506666666666667
19,Sunday,0.0,15.598611111111111
10,Monday,0.0,1.3816666666666666
13,Monday,0.0,2.7958333333333334
9,Tuesday,0.0,2.1008333333333336
21,Tuesday,0.0,12.355277777777777
19,Wednesday,0.0,14.264722222222222
9,Thursday,0.0,1.1366666666666667
20,Thursday,0.0,1.2438888888888888
22,Thursday,0.0,2.508611111111111
1,Friday,0.0,7.5625
10,Friday,0.0,1.8441666666666667
12,Saturday,0.0,9.99
23,Saturday,0.0,34.585
21,Tuesday,0.0,1.1736111111111112
13,Thursday,0.0,2.4283333333333332
21,Thursday,0.0,2.8733333333333335
0,Friday,0.0,7.614444444444445
11,Friday,0.0,2.6675
17,Saturday,0.0,20.372777777777777
22,Sunday,0.0,11.557222222222222
10,Monday,0.0,1.2572222222222222
15,Monday,0.0,1.1905555555555556
10,Tuesday,0.0,2.290277777777778
14,Tuesday,0.0,2.977777777777778
21,Tuesday,0.0,12.16388888888889
9,Wednesday,0.0,2.3227777777777776
18,Wednesday,0.0,1.1325
21,Wednesday,0.0,12.060277777777777
10,Friday,0.0,2.085
19,Friday,0.0,1.0130555555555556
14,Saturday,0.0,2.7672222222222222
20,Sunday,0.0,13.704444444444444
16,Monday,0.0,2.107222222222222
18,Monday,0.0,1.121388888888889
16,Tuesday,0.0,1.1672222222222222
19,Thursday,0.0,2.13
14,Monday,0.0,2.424166666666667
13,Tuesday,0.0,1.9494444444444445
15,Wednesday,0.0,16.739166666666666
8,Thursday,0.0,1.6055555555555556
10,Thursday,0.0,1.3791666666666667
15,Thursday,0.0,2.6580555555555554
18,Thursday,0.0,2.9205555555555556
16,Monday,0.0,1.9727777777777777
18,Monday,0.0,1.1752777777777779
11,Tuesday,0.0,1.6744444444444444
12,Tuesday,0.0,1.5944444444444446
17,Tuesday,0.0,40.76833333333333
13,Thursday,0.0,1.0922222222222222
20,Thursday,0.0,1.1825
22,Thursday,0.0,2.076388888888889
11,Friday,0.0,3.306388888888889
22,Sunday,0.0,11.690277777777778
21,Monday,0.0,13.151944444444444
10,Friday,0.0,1.0644444444444445
11,Saturday,0.0,1.7038888888888888
13,Saturday,0.0,3.8555555555555556
18,Saturday,0.0,20.692222222222224
17,Monday,0.0,2.1975
20,Monday,0.0,1.3752777777777778
20,Tuesday,0.0,8.657222222222222
5,Wednesday,0.0,80.92527777777778
14,Saturday,0.0,70.505
16,Friday,0.0,2.832777777777778
1,Saturday,0.0,9.59361111111111
21,Monday,0.0,12.071111111111112
14,Tuesday,0.0,1.311388888888889
12,Thursday,0.0,1.3566666666666667
18,Monday,0.0,1.4597222222222221
10,Tuesday,0.0,1.1591666666666667
15,Tuesday,0.0,2.3333333333333335
15,Wednesday,0.0,4.044444444444444
11,Friday,0.0,1.3216666666666668
16,Friday,0.0,2.2641666666666667
20,Friday,0.0,14.199444444444444
20,Saturday,0.0,16.7625
13,Sunday,0.0,19.68777777777778
9,Monday,0.0,1.5058333333333334
23,Monday,0.0,11.031944444444445
23,Tuesday,0.0,8.773888888888889
8,Wednesday,0.0,1.4627777777777777
14,Thursday,0.0,1.1869444444444444
14,Friday,0.0,1.1983333333333333
17,Monday,0.0,2.126388888888889
14,Tuesday,0.0,1.0161111111111112
21,Tuesday,0.0,12.457777777777778
11,Wednesday,0.0,1.7172222222222222
13,Thursday,0.0,2.334722222222222
21,Thursday,0.0,15.99611111111111
13,Friday,0.0,2.831111111111111
14,Monday,0.0,1.5475
20,Monday,0.0,14.066666666666666
21,Wednesday,0.0,11.499722222222223
18,Thursday,0.0,1.3791666666666667
15,Tuesday,0.0,1.6469444444444445
10,Thursday,0.0,1.4205555555555556
1,Friday,0.0,7.991666666666666
11,Friday,0.0,1.0641666666666667
12,Friday,0.0,1.8127777777777778
15,Friday,0.0,1.0338888888888889
10,Sunday,0.0,1.2080555555555557
6,Monday,0.0,90.53083333333333
12,Friday,0.0,1.6736111111111112
23,Friday,0.0,18.9125
18,Saturday,0.0,17.4725
23,Sunday,0.0,8.695277777777777
8,Monday,0.0,3.9897222222222224
18,Monday,0.0,1.3091666666666666
9,Tuesday,0.0,1.2708333333333333
13,Tuesday,0.0,3.2894444444444444
12,Thursday,0.0,2.4208333333333334
17,Thursday,0.0,2.0436111111111113
19,Thursday,0.0,1.8827777777777779
18,Sunday,0.0,4.792222222222223
23,Sunday,0.0,11.467777777777778
10,Monday,0.0,1.4752777777777777
21,Monday,0.0,12.515555555555556
10,Tuesday,0.0,2.7977777777777777
9,Wednesday,0.0,1.3916666666666666
10,Wednesday,0.0,2.7519444444444443
10,Friday,0.0,4.237222222222222
13,Saturday,0.0,3.7925
19,Saturday,0.0,18.33361111111111
13,Sunday,0.0,20.115
10,Monday,0.0,1.17
20,Monday,0.0,13.0625
13,Tuesday,0.0,3.257222222222222
20,Tuesday,0.0,13.024722222222222
13,Thursday,0.0,1.291388888888889
13,Friday,0.0,1.5841666666666667
15,Friday,0.0,1.525
14,Saturday,0.0,1.3747222222222222
16,Saturday,0.0,1.948888888888889
18,Saturday,0.0,17.906666666666666
12,Sunday,0.0,5.171111111111111
10,Monday,0.0,1.0663888888888888
9,Tuesday,0.0,1.1030555555555555
20,Tuesday,0.0,13.649166666666666
15,Wednesday,0.0,1.9608333333333334
19,Wednesday,0.0,1.1322222222222222
21,Wednesday,0.0,11.649444444444445
17,Thursday,0.0,1.5233333333333334
22,Thursday,0.0,13.115833333333333
12,Friday,0.0,2.008611111111111
14,Friday,0.0,1.6197222222222223
17,Friday,0.0,1.2080555555555557
14,Saturday,0.0,3.776388888888889
20,Sunday,0.0,15.064444444444444
11,Monday,0.0,1.1666666666666667
20,Monday,0.0,14.208333333333334
12,Tuesday,0.0,1.8905555555555555
21,Wednesday,0.0,14.053333333333333
13,Thursday,0.0,1.1927777777777777
22,Thursday,0.0,11.145833333333334
19,Sunday,0.0,15.834722222222222
12,Monday,0.0,1.6308333333333334
20,Monday,0.0,12.8725
20,Tuesday,0.0,13.689722222222223
14,Wednesday,0.0,1.3183333333333334
14,Thursday,0.0,1.0677777777777777
9,Saturday,0.0,1.6602777777777777
15,Monday,0.0,1.9955555555555555
21,Monday,0.0,2.9383333333333335
0,Tuesday,0.0,10.280833333333334
15,Tuesday,0.0,1.7358333333333333
17,Tuesday,0.0,2.5505555555555555
21,Tuesday,0.0,10.35
18,Saturday,0.0,5.010833333333333
23,Saturday,0.0,15.296388888888888
14,Sunday,0.0,1.7016666666666667
16,Sunday,0.0,16.945833333333333
19,Monday,0.0,1.4894444444444443
21,Monday,0.0,12.867777777777778
20,Tuesday,0.0,13.32
10,Wednesday,0.0,1.0886111111111112
11,Tuesday,0.0,1.048888888888889
14,Tuesday,0.0,1.711111111111111
16,Tuesday,0.0,1.455
18,Tuesday,0.0,15.604444444444445
9,Thursday,0.0,1.8805555555555555
12,Thursday,0.0,1.4027777777777777
21,Thursday,0.0,13.135555555555555
10,Friday,0.0,1.5230555555555556
17,Friday,0.0,1.2694444444444444
11,Saturday,0.0,1.4180555555555556
19,Saturday,0.0,9.420277777777779
12,Wednesday,0.0,1.1713888888888888
21,Wednesday,0.0,1.8255555555555556
22,Wednesday,0.0,11.984166666666667
20,Thursday,0.0,2.0375
16,Friday,0.0,1.0025
23,Saturday,0.0,12.410277777777777
13,Sunday,0.0,6.637222222222222
21,Monday,0.0,15.116111111111111
15,Tuesday,0.0,1.2197222222222222
21,Tuesday,0.0,12.112222222222222
13,Wednesday,0.0,1.0319444444444446
12,Thursday,0.0,1.623888888888889
17,Thursday,0.0,2.2152777777777777
13,Friday,0.0,3.7975
10,Monday,0.0,2.4325
20,Monday,0.0,13.971111111111112
20,Tuesday,0.0,13.994444444444444
11,Wednesday,0.0,1.0955555555555556
2,Friday,0.0,8.284722222222221
21,Friday,0.0,1.5469444444444445
22,Friday,0.0,10.540555555555555
12,Monday,0.0,1.2533333333333334
20,Monday,0.0,1.3888888888888888
23,Monday,0.0,11.279722222222222
23,Tuesday,0.0,11.256388888888889
14,Wednesday,0.0,2.095833333333333
19,Thursday,0.0,15.661111111111111
19,Friday,0.0,2.6894444444444443
21,Friday,0.0,1.7547222222222223
15,Saturday,0.0,25.02138888888889
16,Sunday,0.0,2.5347222222222223
23,Monday,0.0,11.715555555555556
15,Tuesday,0.0,1.153888888888889
10,Wednesday,0.0,2.2580555555555555
21,Wednesday,0.0,11.476666666666667
14,Thursday,0.0,1.5522222222222222
16,Thursday,0.0,1.4769444444444444
16,Friday,0.0,1.2752777777777777
14,Saturday,0.0,1.8097222222222222
15,Sunday,0.0,2.776111111111111
20,Monday,0.0,14.362777777777778
11,Tuesday,0.0,1.2122222222222223
14,Tuesday,0.0,1.1544444444444444
15,Tuesday,0.0,1.9388888888888889
11,Wednesday,0.0,2.6108333333333333
13,Thursday,0.0,1.7727777777777778
16,Thursday,0.0,1.6202777777777777
18,Thursday,0.0,3.87
22,Thursday,0.0,16.50638888888889
14,Friday,0.0,20.037222222222223
19,Sunday,0.0,14.860555555555555
21,Monday,0.0,13.379166666666666
20,Tuesday,0.0,1.1258333333333332
21,Tuesday,0.0,11.354444444444445
21,Wednesday,0.0,2.993611111111111
0,Thursday,0.0,7.833888888888889
15,Thursday,0.0,2.049166666666667
22,Thursday,0.0,11.5025
11,Saturday,0.0,1.4275
10,Monday,0.0,1.0675
12,Monday,0.0,1.4002777777777777
11,Tuesday,0.0,1.8002777777777779
13,Tuesday,0.0,1.8808333333333334
15,Tuesday,0.0,1.1588888888888889
21,Tuesday,0.0,13.618333333333334
13,Thursday,0.0,1.163888888888889
15,Thursday,0.0,1.8086111111111112
21,Thursday,0.0,13.403611111111111
11,Sunday,0.0,1.9925
13,Sunday,0.0,2.7494444444444444
9,Monday,0.0,1.9313888888888888
11,Monday,0.0,1.0391666666666666
20,Monday,0.0,14.54138888888889
21,Wednesday,0.0,14.480277777777777
17,Thursday,0.0,1.2397222222222222
22,Thursday,0.0,10.953611111111112
10,Friday,0.0,1.4391666666666667
12,Friday,0.0,2.558611111111111
15,Friday,0.0,1.9461111111111111
19,Saturday,0.0,19.565
15,Monday,0.0,2.174722222222222
21,Monday,0.0,12.050277777777778
12,Tuesday,0.0,1.7605555555555557
15,Tuesday,0.0,1.2302777777777778
11,Wednesday,0.0,1.4088888888888889
13,Wednesday,0.0,1.3294444444444444
15,Wednesday,0.0,1.5758333333333334
16,Sunday,0.0,17.830277777777777
20,Tuesday,0.0,14.06638888888889
21,Wednesday,0.0,10.954444444444444
22,Thursday,0.0,10.348333333333333
20,Friday,0.0,2.227777777777778
14,Sunday,0.0,2.6108333333333333
20,Sunday,0.0,13.649722222222222
21,Monday,0.0,3.7816666666666667
0,Tuesday,0.0,8.625
11,Tuesday,0.0,2.44
20,Tuesday,0.0,14.492222222222223
21,Wednesday,0.0,12.703055555555556
17,Thursday,0.0,1.7394444444444443
16,Friday,0.0,183.98472222222222
11,Sunday,0.0,4.178333333333334
18,Sunday,0.0,16.97972222222222
12,Monday,0.0,5.858333333333333
20,Monday,0.0,14.251111111111111
11,Tuesday,0.0,1.4925
12,Tuesday,0.0,1.1044444444444443
16,Tuesday,0.0,3.9719444444444445
20,Tuesday,0.0,1.488611111111111
22,Tuesday,0.0,11.342222222222222
22,Wednesday,0.0,10.899722222222222
16,Thursday,0.0,1.1433333333333333
21,Thursday,0.0,12.803888888888888
13,Saturday,0.0,2.6013888888888888
21,Sunday,0.0,13.106388888888889
10,Monday,0.0,1.6347222222222222
22,Monday,0.0,11.967222222222222
21,Tuesday,0.0,12.629166666666666
21,Wednesday,0.0,12.087777777777777
9,Thursday,0.0,1.8977777777777778
14,Thursday,0.0,1.1588888888888889
8,Friday,0.0,1.0141666666666667
23,Friday,0.0,11.619722222222222
21,Saturday,0.0,35.98416666666667
11,Tuesday,0.0,1.7369444444444444
19,Wednesday,0.0,1.5694444444444444
21,Wednesday,0.0,13.070833333333333
12,Thursday,0.0,2.065
22,Thursday,0.0,10.074166666666667
12,Sunday,0.0,2.6019444444444444
15,Sunday,0.0,2.028888888888889
20,Sunday,0.0,14.151666666666667
21,Monday,0.0,11.072222222222223
21,Tuesday,0.0,11.604722222222222
22,Wednesday,0.0,1.3341666666666667
23,Wednesday,0.0,10.305
10,Thursday,0.0,1.446388888888889
12,Thursday,0.0,1.1491666666666667
15,Saturday,0.0,1.0947222222222222
11,Sunday,0.0,1.0080555555555555
21,Sunday,0.0,14.065555555555555
22,Monday,0.0,10.914722222222222
9,Tuesday,0.0,1.4305555555555556
10,Tuesday,0.0,1.2475
21,Tuesday,0.0,13.402777777777779
11,Wednesday,0.0,2.1486111111111112
22,Wednesday,0.0,9.028055555555556
19,Sunday,0.0,14.764444444444445
9,Monday,0.0,1.806111111111111
22,Monday,0.0,10.396944444444445
9,Tuesday,0.0,1.5475
20,Tuesday,0.0,14.716111111111111
9,Thursday,0.0,1.1511111111111112
14,Thursday,0.0,8.263333333333334
22,Thursday,0.0,12.21
10,Friday,0.0,1.2638888888888888
15,Sunday,0.0,17.70888888888889
10,Monday,0.0,1.1519444444444444
12,Monday,0.0,1.115
13,Monday,0.0,3.1966666666666668
17,Monday,0.0,1.2716666666666667
18,Monday,0.0,15.543055555555556
12,Tuesday,0.0,1.9455555555555555
20,Tuesday,0.0,14.462777777777777
10,Wednesday,0.0,3.8669444444444445
20,Thursday,0.0,12.714722222222223
16,Saturday,0.0,1.031388888888889
13,Monday,0.0,3.738611111111111
21,Monday,0.0,3.3269444444444445
0,Tuesday,0.0,9.723888888888888
11,Tuesday,0.0,1.1188888888888888
20,Tuesday,0.0,13.549444444444445
10,Wednesday,0.0,1.0844444444444445
13,Wednesday,0.0,1.3847222222222222
19,Thursday,0.0,2.0180555555555557
21,Thursday,0.0,11.627777777777778
22,Sunday,0.0,10.852222222222222
21,Monday,0.0,11.134722222222223
18,Tuesday,0.0,3.2316666666666665
13,Friday,0.0,1.1636111111111112
13,Saturday,0.0,3.7055555555555557
12,Sunday,0.0,2.0169444444444444
14,Sunday,0.0,1.195
21,Sunday,0.0,10.994444444444444
18,Thursday,0.0,15.793888888888889
16,Friday,0.0,1.313611111111111
21,Friday,0.0,15.661666666666667
17,Saturday,0.0,21.655555555555555
15,Sunday,0.0,1.7827777777777778
18,Sunday,0.0,17.263055555555557
11,Monday,0.0,1.1166666666666667
21,Friday,0.0,14.170277777777779
11,Saturday,0.0,10.029444444444444
21,Saturday,0.0,15.211666666666666
12,Sunday,0.0,7.008055555555556
19,Sunday,0.0,13.684722222222222
10,Monday,0.0,1.313611111111111
20,Monday,0.0,2.3313888888888887
23,Monday,0.0,11.115277777777777
14,Wednesday,0.0,6.180833333333333
22,Thursday,0.0,10.815277777777778
21,Friday,0.0,14.1625
12,Saturday,0.0,45.672222222222224
10,Monday,0.0,1.7155555555555555
11,Monday,0.0,1.4644444444444444
21,Monday,0.0,13.255
18,Friday,0.0,14.836944444444445
9,Saturday,0.0,2.3325
20,Monday,0.0,3.1622222222222223
23,Monday,0.0,11.316666666666666
14,Wednesday,0.0,2.8175
18,Wednesday,0.0,16.68777777777778
19,Thursday,0.0,15.219444444444445
13,Friday,0.0,3.167222222222222
16,Friday,0.0,1.0330555555555556
18,Friday,0.0,25.069444444444443
20,Saturday,0.0,37.03333333333333
14,Monday,0.0,1.1708333333333334
20,Monday,0.0,13.720277777777778
11,Tuesday,0.0,1.8525
23,Tuesday,0.0,10.183055555555555
9,Wednesday,0.0,1.4608333333333334
11,Wednesday,0.0,10.3275
22,Wednesday,0.0,14.036111111111111
10,Monday,0.0,1.2666666666666666
13,Monday,0.0,1.2738888888888888
21,Wednesday,0.0,13.411111111111111
10,Thursday,0.0,1.998888888888889
14,Thursday,0.0,2.6458333333333335
23,Thursday,0.0,9.557777777777778
10,Friday,0.0,1.6325
17,Friday,0.0,1.9769444444444444
19,Friday,0.0,1.0597222222222222
20,Friday,0.0,14.99638888888889
13,Saturday,0.0,2.611666666666667
20,Sunday,0.0,12.956944444444444
9,Monday,0.0,1.4358333333333333
11,Monday,0.0,1.0125
21,Tuesday,0.0,11.831388888888888
14,Wednesday,0.0,1.3275
15,Wednesday,0.0,1.1733333333333333
18,Wednesday,0.0,2.305833333333333
10,Thursday,0.0,1.8208333333333333
12,Thursday,0.0,1.0786111111111112
13,Thursday,0.0,1.2980555555555555
15,Thursday,0.0,1.5486111111111112
22,Thursday,0.0,11.139722222222222
13,Friday,0.0,3.2352777777777777
17,Friday,0.0,31.298333333333332
0,Sunday,0.0,10.625833333333333
11,Sunday,0.0,1.3894444444444445
12,Sunday,0.0,2.443611111111111
15,Sunday,0.0,19.94611111111111
11,Monday,0.0,1.4077777777777778
13,Monday,0.0,2.8452777777777776
13,Wednesday,0.0,1.9938888888888888
14,Thursday,0.0,3.0322222222222224
18,Friday,0.0,15.640555555555556
21,Sunday,0.0,15.647222222222222
14,Monday,0.0,4.685555555555555
19,Monday,0.0,1.9872222222222222
10,Wednesday,0.0,4.565
12,Thursday,0.0,1.023611111111111
0,Saturday,0.0,8.839722222222223
11,Sunday,0.0,4.025277777777778
15,Sunday,0.0,17.65388888888889
21,Tuesday,0.0,12.300555555555556
19,Wednesday,0.0,14.464444444444444
10,Thursday,0.0,3.9194444444444443
22,Friday,0.0,12.068888888888889
13,Sunday,0.0,1.5769444444444445
15,Sunday,0.0,1.1194444444444445
16,Sunday,0.0,1.4625
18,Sunday,0.0,1.1711111111111112
19,Sunday,0.0,1.3752777777777778
21,Sunday,0.0,12.614166666666666
21,Tuesday,0.0,11.148888888888889
9,Thursday,0.0,1.343888888888889
18,Saturday,0.0,38.38805555555555
14,Monday,0.0,1.11
21,Tuesday,0.0,12.020833333333334
21,Wednesday,0.0,2.359166666666667
17,Thursday,0.0,2.6675
8,Friday,0.0,1.0152777777777777
9,Friday,0.0,1.3083333333333333
19,Friday,0.0,3.6344444444444446
16,Saturday,0.0,19.00722222222222
17,Sunday,0.0,14.9325
21,Monday,0.0,10.3225
8,Tuesday,0.0,1.166111111111111
21,Tuesday,0.0,12.46861111111111
9,Wednesday,0.0,1.646388888888889
12,Thursday,0.0,1.6805555555555556
11,Friday,0.0,3.767777777777778
0,Saturday,0.0,8.266111111111112
21,Monday,0.0,13.7875
12,Tuesday,0.0,1.7127777777777777
8,Thursday,0.0,2.5880555555555556
21,Sunday,0.0,12.632777777777777
16,Monday,0.0,2.901388888888889
20,Monday,0.0,13.382222222222222
10,Tuesday,0.0,1.9866666666666666
22,Tuesday,0.0,11.654444444444444
15,Wednesday,0.0,2.623611111111111
10,Thursday,0.0,1.0538888888888889
11,Thursday,0.0,1.4436111111111112
21,Monday,0.0,12.404722222222222
12,Tuesday,0.0,2.4619444444444443
21,Tuesday,0.0,12.740555555555556
10,Wednesday,0.0,1.4316666666666666
19,Wednesday,0.0,15.362777777777778
20,Thursday,0.0,12.40611111111111
12,Friday,0.0,1.4891666666666667
14,Friday,0.0,1.2080555555555557
20,Friday,0.0,12.654166666666667
11,Saturday,0.0,27.794166666666666
14,Sunday,0.0,20.105555555555554
14,Monday,0.0,2.1886111111111113
22,Tuesday,0.0,11.3775
19,Wednesday,0.0,2.316666666666667
22,Wednesday,0.0,10.038055555555555
8,Thursday,0.0,1.8111111111111111
22,Thursday,0.0,12.349444444444444
12,Sunday,0.0,9.660555555555556
21,Sunday,0.0,11.176111111111112
11,Monday,0.0,1.173888888888889
9,Tuesday,0.0,1.0233333333333334
10,Tuesday,0.0,1.43
11,Tuesday,0.0,1.2875
19,Tuesday,0.0,2.4966666666666666
17,Wednesday,0.0,1.8783333333333334
21,Wednesday,0.0,14.321111111111112
14,Saturday,0.0,2.250277777777778
13,Sunday,0.0,22.26388888888889
21,Monday,0.0,10.011388888888888
8,Tuesday,0.0,1.0283333333333333
11,Wednesday,0.0,1.8966666666666667
20,Wednesday,0.0,14.160833333333333
11,Thursday,0.0,1.403888888888889
13,Friday,0.0,1.2791666666666666
20,Sunday,0.0,14.083055555555555
17,Monday,0.0,2.1352777777777776
21,Monday,0.0,12.296666666666667
13,Tuesday,0.0,1.3630555555555555
15,Tuesday,0.0,2.1172222222222223
22,Tuesday,0.0,12.201666666666666
23,Wednesday,0.0,10.83
13,Friday,0.0,1.0908333333333333
14,Sunday,0.0,4.945277777777778
12,Tuesday,0.0,4.0175
22,Tuesday,0.0,12.60138888888889
20,Thursday,0.0,11.926666666666666
14,Sunday,0.0,2.5619444444444444
16,Sunday,0.0,17.4525
22,Monday,0.0,11.520277777777778
13,Tuesday,0.0,1.2977777777777777
16,Tuesday,0.0,3.2825
19,Tuesday,0.0,1.2377777777777779
23,Tuesday,0.0,11.355277777777777
17,Wednesday,0.0,1.5847222222222221
15,Sunday,0.0,4.883333333333334
20,Sunday,0.0,13.421388888888888
10,Monday,0.0,3.496111111111111
12,Tuesday,0.0,1.156388888888889
18,Tuesday,0.0,1.1855555555555555
19,Tuesday,0.0,14.069722222222222
11,Wednesday,0.0,1.2730555555555556
22,Wednesday,0.0,11.403055555555556
15,Thursday,0.0,1.7966666666666666
22,Thursday,0.0,10.837222222222222
11,Monday,0.0,3.5458333333333334
17,Tuesday,0.0,20.660833333333333
11,Thursday,0.0,1.933888888888889
21,Sunday,0.0,13.74
22,Monday,0.0,11.050833333333333
13,Tuesday,0.0,4.308611111111111
23,Tuesday,0.0,11.122222222222222
10,Wednesday,0.0,1.1941666666666666
10,Friday,0.0,1.3322222222222222
12,Friday,0.0,1.4958333333333333
19,Friday,0.0,1.5702777777777779
21,Friday,0.0,12.432777777777778
10,Friday,0.0,1.2822222222222222
22,Friday,0.0,15.680833333333334
13,Saturday,0.0,44.320277777777775
22,Monday,0.0,12.95138888888889
11,Tuesday,0.0,1.4808333333333332
16,Tuesday,0.0,1.3547222222222222
18,Tuesday,0.0,1.3277777777777777
20,Tuesday,0.0,1.3069444444444445
21,Tuesday,0.0,11.838333333333333
10,Friday,0.0,2.06
17,Saturday,0.0,21.20861111111111
21,Monday,0.0,12.188055555555556
13,Tuesday,0.0,1.0008333333333332
23,Wednesday,0.0,10.94138888888889
11,Thursday,0.0,1.0352777777777777
15,Saturday,0.0,1.3725
17,Saturday,0.0,27.235
20,Sunday,0.0,12.846388888888889
13,Tuesday,0.0,1.8075
16,Tuesday,0.0,1.7886111111111112
22,Tuesday,0.0,12.48
20,Wednesday,0.0,13.408888888888889
21,Thursday,0.0,13.253333333333334
14,Sunday,0.0,1.695
15,Sunday,0.0,1.821388888888889
10,Monday,0.0,1.2125
12,Tuesday,0.0,1.5363888888888888
15,Tuesday,0.0,1.021388888888889
20,Tuesday,0.0,13.36888888888889
9,Thursday,0.0,3.026111111111111
20,Thursday,0.0,12.495277777777778
9,Friday,0.0,2.611111111111111
14,Friday,0.0,2.0997222222222223
20,Friday,0.0,4.048333333333333
0,Saturday,0.0,9.431666666666667
22,Monday,0.0,10.641944444444444
21,Tuesday,0.0,1.4158333333333333
22,Tuesday,0.0,11.58388888888889
19,Wednesday,0.0,12.867222222222223
9,Friday,0.0,1.7175
14,Saturday,0.0,1.4875
18,Saturday,0.0,18.327222222222222
12,Sunday,0.0,8.215833333333334
22,Monday,0.0,11.229166666666666
11,Tuesday,0.0,1.6522222222222223
12,Wednesday,0.0,1.4094444444444445
17,Wednesday,0.0,2.8627777777777776
22,Wednesday,0.0,8.52361111111111
20,Friday,0.0,13.443333333333333
18,Saturday,0.0,14.93138888888889
9,Sunday,0.0,2.008611111111111
15,Sunday,0.0,1.3419444444444444
16,Sunday,0.0,15.893055555555556
8,Monday,0.0,3.061111111111111
22,Monday,0.0,11.096666666666666
21,Tuesday,0.0,12.254166666666666
21,Wednesday,0.0,13.249444444444444
19,Thursday,0.0,19.819444444444443
19,Saturday,0.0,18.19472222222222
10,Monday,0.0,1.7183333333333333
22,Monday,0.0,10.146944444444445
12,Tuesday,0.0,10.386111111111111
22,Tuesday,0.0,12.298333333333334
12,Wednesday,0.0,1.3333333333333333
19,Wednesday,0.0,13.685555555555556
9,Thursday,0.0,1.3463888888888889
21,Thursday,0.0,13.1125
15,Saturday,0.0,6.336388888888889
21,Saturday,0.0,12.105277777777777
10,Sunday,0.0,2.2908333333333335
19,Sunday,0.0,13.572777777777778
14,Monday,0.0,1.643888888888889
22,Monday,0.0,12.109166666666667
12,Tuesday,0.0,1.0327777777777778
15,Thursday,0.0,1.1108333333333333
22,Sunday,0.0,12.7225
9,Tuesday,0.0,1.3055555555555556
10,Tuesday,0.0,1.601388888888889
22,Tuesday,0.0,10.690555555555555
20,Friday,0.0,7.655
10,Tuesday,0.0,2.246111111111111
20,Tuesday,0.0,23.021944444444443
19,Wednesday,0.0,13.579444444444444
9,Thursday,0.0,1.4044444444444444
13,Thursday,0.0,1.2469444444444444
9,Friday,0.0,1.8205555555555555
14,Friday,0.0,4.334722222222222
22,Friday,0.0,10.719166666666666
16,Saturday,0.0,3.439722222222222
19,Saturday,0.0,15.781944444444445
11,Sunday,0.0,22.698611111111113
10,Monday,0.0,1.9522222222222223
21,Monday,0.0,1.1377777777777778
22,Monday,0.0,9.6925
13,Tuesday,0.0,1.625
9,Wednesday,0.0,1.0516666666666667
13,Friday,0.0,1.3897222222222223
14,Friday,0.0,1.6405555555555555
14,Saturday,0.0,2.2680555555555557
17,Sunday,0.0,14.553333333333333
8,Monday,0.0,1.688611111111111
21,Monday,0.0,10.780555555555555
13,Tuesday,0.0,1.125
14,Tuesday,0.0,1.8288888888888888
23,Tuesday,0.0,9.669444444444444
10,Thursday,0.0,2.108888888888889
20,Thursday,0.0,12.047777777777778
10,Friday,0.0,1.5797222222222222
21,Sunday,0.0,11.953611111111112
13,Monday,0.0,2.75
16,Monday,0.0,16.063333333333333
9,Tuesday,0.0,2.156388888888889
12,Tuesday,0.0,3.2127777777777777
22,Wednesday,0.0,7.498611111111111
22,Thursday,0.0,12.62111111111111
11,Friday,0.0,1.1805555555555556
15,Sunday,0.0,2.6655555555555557
18,Sunday,0.0,15.085555555555555
10,Monday,0.0,1.3394444444444444
7,Tuesday,0.0,2.6463888888888887
9,Wednesday,0.0,1.293611111111111
17,Wednesday,0.0,1.1572222222222222
14,Thursday,0.0,1.0183333333333333
13,Friday,0.0,1.9902777777777778
19,Saturday,0.0,2.220833333333333
21,Saturday,0.0,16.416944444444443
14,Sunday,0.0,4.331666666666667
22,Monday,0.0,10.743333333333334
13,Tuesday,0.0,1.398611111111111
14,Tuesday,0.0,2.7416666666666667
22,Tuesday,0.0,10.858888888888888
9,Wednesday,0.0,2.064722222222222
19,Wednesday,0.0,3.801111111111111
23,Wednesday,0.0,9.425
9,Thursday,0.0,1.1755555555555555
11,Thursday,0.0,2.499722222222222
14,Thursday,0.0,1.0575
12,Friday,0.0,1.1455555555555557
14,Friday,0.0,22.53361111111111
18,Sunday,0.0,1.915
20,Sunday,0.0,13.947222222222223
10,Tuesday,0.0,1.0327777777777778
13,Tuesday,0.0,1.1830555555555555
23,Tuesday,0.0,11.071944444444444
10,Wednesday,0.0,1.4919444444444445
20,Wednesday,0.0,14.644444444444444
18,Thursday,0.0,2.033333333333333
21,Friday,0.0,12.850277777777778
14,Saturday,0.0,1.5622222222222222
16,Saturday,0.0,24.156666666666666
20,Monday,0.0,1.2944444444444445
21,Monday,0.0,11.635833333333334
9,Tuesday,0.0,1.2341666666666666
10,Wednesday,0.0,1.2238888888888888
12,Wednesday,0.0,1.35
14,Thursday,0.0,1.8055555555555556
9,Friday,0.0,1.4602777777777778
16,Sunday,0.0,3.522777777777778
22,Monday,0.0,11.171944444444444
22,Tuesday,0.0,1.5541666666666667
16,Thursday,0.0,1.3822222222222222
18,Friday,0.0,17.979166666666668
12,Saturday,0.0,1.4841666666666666
19,Saturday,0.0,1.14
20,Saturday,0.0,14.395
20,Monday,0.0,13.868055555555555
9,Tuesday,0.0,1.2427777777777778
11,Wednesday,0.0,2.2519444444444443
14,Wednesday,0.0,1.5905555555555555
15,Wednesday,0.0,2.9386111111111113
19,Wednesday,0.0,1.9716666666666667
21,Wednesday,0.0,12.042222222222222
16,Thursday,0.0,16.848333333333333
10,Friday,0.0,1.0947222222222222
12,Friday,0.0,2.636388888888889
15,Friday,0.0,67.10555555555555
11,Monday,0.0,1.1030555555555555
13,Monday,0.0,1.1291666666666667
15,Monday,0.0,1.0302777777777778
8,Tuesday,0.0,2.0394444444444444
16,Tuesday,0.0,3.751388888888889
9,Wednesday,0.0,1.5016666666666667
12,Monday,0.0,1.9913888888888889
9,Wednesday,0.0,1.308888888888889
12,Wednesday,0.0,2.3833333333333333
17,Thursday,0.0,3.0980555555555553
15,Friday,0.0,1.1030555555555555
14,Saturday,0.0,24.046388888888888
14,Sunday,0.0,5.445833333333334
19,Sunday,0.0,15.767222222222221
21,Wednesday,0.0,14.268055555555556
13,Thursday,0.0,1.318888888888889
15,Thursday,0.0,1.315
18,Thursday,0.0,21.927222222222223
8,Tuesday,0.0,2.062222222222222
15,Tuesday,0.0,20.45111111111111
19,Saturday,0.0,15.594444444444445
12,Sunday,0.0,2.367777777777778
14,Sunday,0.0,1.2005555555555556
15,Tuesday,0.0,2.236388888888889
17,Tuesday,0.0,17.049444444444443
13,Wednesday,0.0,1.8255555555555556
10,Thursday,0.0,1.3480555555555556
15,Thursday,0.0,7.756388888888889
11,Saturday,0.0,1.0675
12,Saturday,0.0,2.2088888888888887
15,Saturday,0.0,3.261388888888889
18,Saturday,0.0,3.528611111111111
23,Sunday,0.0,14.27111111111111
13,Monday,0.0,1.928611111111111
15,Monday,0.0,6.003611111111111
21,Monday,0.0,13.05
10,Tuesday,0.0,1.3216666666666668
21,Wednesday,0.0,6.716666666666667
21,Wednesday,0.0,2.1822222222222223
17,Friday,0.0,2.4358333333333335
18,Saturday,0.0,15.591944444444444
11,Sunday,0.0,8.4875
19,Sunday,0.0,3.8247222222222224
23,Sunday,0.0,9.661666666666667
9,Monday,0.0,1.8344444444444445
21,Monday,0.0,14.145555555555555
12,Tuesday,0.0,2.493888888888889
21,Tuesday,0.0,11.384166666666667
16,Wednesday,0.0,1.3447222222222222
12,Saturday,0.0,3.5105555555555554
15,Saturday,0.0,2.390277777777778
18,Saturday,0.0,14.062777777777777
8,Sunday,0.0,10.386666666666667
18,Sunday,0.0,14.383888888888889
9,Monday,0.0,1.5277777777777777
22,Monday,0.0,11.338888888888889
17,Tuesday,0.0,3.0905555555555555
16,Wednesday,0.0,2.035833333333333
18,Wednesday,0.0,1.1402777777777777
15,Thursday,0.0,1.7219444444444445
17,Friday,0.0,2.1830555555555557
20,Friday,0.0,13.981111111111112
10,Saturday,0.0,1.6222222222222222
18,Monday,0.0,1.2005555555555556
19,Monday,0.0,1.906111111111111
22,Monday,0.0,9.951944444444445
14,Tuesday,0.0,2.953611111111111
19,Wednesday,0.0,12.694166666666666
11,Thursday,0.0,1.3463888888888889
19,Saturday,0.0,14.630833333333333
19,Sunday,0.0,13.535
22,Monday,0.0,12.465277777777779
11,Tuesday,0.0,3.1466666666666665
20,Tuesday,0.0,1.49
22,Tuesday,0.0,11.813888888888888
21,Saturday,0.0,14.709722222222222
12,Sunday,0.0,1.3777777777777778
19,Sunday,0.0,15.899166666666666
11,Monday,0.0,1.2152777777777777
10,Wednesday,0.0,2.1594444444444445
20,Wednesday,0.0,1.2119444444444445
21,Wednesday,0.0,13.134444444444444
20,Thursday,0.0,12.413333333333334
19,Friday,0.0,1.8988888888888888
22,Friday,0.0,10.995833333333334
18,Tuesday,0.0,2.46
21,Tuesday,0.0,12.277777777777779
10,Wednesday,0.0,1.1275
9,Thursday,0.0,1.7572222222222222
21,Thursday,0.0,11.8075
11,Sunday,0.0,1.2627777777777778
13,Sunday,0.0,4.1497222222222225
17,Sunday,0.0,16.6975
10,Monday,0.0,1.4211111111111112
22,Tuesday,0.0,10.130555555555556
13,Wednesday,0.0,2.556111111111111
16,Wednesday,0.0,2.7197222222222224
19,Wednesday,0.0,12.077222222222222
8,Thursday,0.0,1.2427777777777778
10,Thursday,0.0,2.028888888888889
19,Thursday,0.0,1.1288888888888888
21,Thursday,0.0,2.4730555555555553
0,Friday,0.0,8.446944444444444
12,Tuesday,0.0,25.297777777777778
18,Monday,0.0,15.518611111111111
13,Tuesday,0.0,1.3225
17,Tuesday,0.0,3.1572222222222224
21,Tuesday,0.0,11.48
14,Wednesday,0.0,1.3463888888888889
21,Thursday,0.0,11.150277777777777
9,Friday,0.0,1.0133333333333334
11,Friday,0.0,1.1936111111111112
12,Friday,0.0,3.195
18,Saturday,0.0,22.470277777777778
21,Tuesday,0.0,11.819722222222222
9,Thursday,0.0,1.4052777777777778
17,Thursday,0.0,1.5558333333333334
21,Thursday,0.0,11.161666666666667
9,Friday,0.0,1.6444444444444444
14,Friday,0.0,1.01
18,Saturday,0.0,2.3169444444444443
20,Saturday,0.0,15.855277777777777
9,Monday,0.0,1.1413888888888888
21,Monday,0.0,11.340833333333334
21,Tuesday,0.0,11.926388888888889
21,Wednesday,0.0,11.296666666666667
20,Thursday,0.0,11.523888888888889
17,Friday,0.0,2.3697222222222223
20,Saturday,0.0,4.427222222222222
18,Monday,0.0,3.192222222222222
22,Monday,0.0,10.093333333333334
8,Tuesday,0.0,1.0094444444444444
22,Wednesday,0.0,11.320833333333333
18,Thursday,0.0,2.015833333333333
21,Thursday,0.0,11.953333333333333
16,Saturday,0.0,17.446666666666665
13,Sunday,0.0,2.0519444444444446
21,Monday,0.0,11.23
22,Tuesday,0.0,10.668888888888889
22,Wednesday,0.0,1.4769444444444444
23,Wednesday,0.0,9.818888888888889
10,Thursday,0.0,1.4419444444444445
14,Thursday,0.0,1.2577777777777779
16,Thursday,0.0,1.2991666666666666
22,Thursday,0.0,10.919444444444444
20,Friday,0.0,16.491944444444446
13,Saturday,0.0,5.518611111111111
19,Saturday,0.0,14.648333333333333
18,Sunday,0.0,15.905833333333334
22,Monday,0.0,10.81
11,Tuesday,0.0,2.2475
21,Wednesday,0.0,12.560277777777777
14,Thursday,0.0,1.4255555555555555
16,Thursday,0.0,2.8019444444444446
12,Friday,0.0,1.6083333333333334
13,Saturday,0.0,1.3155555555555556
17,Sunday,0.0,2.4941666666666666
18,Monday,0.0,3.4619444444444443
22,Monday,0.0,10.506944444444445
8,Tuesday,0.0,1.0127777777777778
21,Tuesday,0.0,11.497777777777777
20,Thursday,0.0,1.751111111111111
19,Friday,0.0,1.416388888888889
20,Friday,0.0,12.750277777777777
14,Saturday,0.0,1.1452777777777778
18,Sunday,0.0,4.354166666666667
22,Sunday,0.0,11.768333333333333
20,Monday,0.0,13.395555555555555
20,Tuesday,0.0,2.0283333333333333
22,Tuesday,0.0,11.39861111111111
17,Wednesday,0.0,1.3222222222222222
22,Wednesday,0.0,10.934166666666666
18,Friday,0.0,1.2036111111111112
15,Monday,0.0,2.4991666666666665
18,Wednesday,0.0,18.56111111111111
13,Thursday,0.0,20.816666666666666
21,Friday,0.0,13.606666666666667
13,Sunday,0.0,1.9883333333333333
15,Sunday,0.0,2.665277777777778
19,Sunday,0.0,3.549166666666667
23,Sunday,0.0,10.45
13,Monday,0.0,1.8230555555555557
13,Tuesday,0.0,3.343611111111111
17,Wednesday,0.0,16.969722222222224
18,Saturday,0.0,18.141666666666666
12,Sunday,0.0,20.99416666666667
16,Tuesday,0.0,2.5375
21,Tuesday,0.0,2.195
23,Tuesday,0.0,9.80861111111111
18,Monday,0.0,3.463888888888889
22,Monday,0.0,11.001666666666667
17,Tuesday,0.0,1.0344444444444445
19,Tuesday,0.0,12.619444444444444
17,Wednesday,0.0,1.3458333333333334
21,Wednesday,0.0,11.331111111111111
10,Thursday,0.0,1.1980555555555557
20,Thursday,0.0,12.16
10,Friday,0.0,1.0952777777777778
18,Friday,0.0,2.5208333333333335
21,Friday,0.0,12.249444444444444
17,Saturday,0.0,1.4613888888888888
18,Saturday,0.0,18.282222222222224
13,Sunday,0.0,6.541388888888889
20,Sunday,0.0,12.741944444444444
21,Monday,0.0,11.562777777777777
9,Tuesday,0.0,1.113888888888889
11,Tuesday,0.0,1.6069444444444445
15,Tuesday,0.0,1.0322222222222222
20,Tuesday,0.0,1.6033333333333333
22,Tuesday,0.0,10.133888888888889
11,Wednesday,0.0,2.7622222222222224
20,Wednesday,0.0,1.0172222222222222
21,Wednesday,0.0,10.81
19,Thursday,0.0,1.6791666666666667
21,Thursday,0.0,2.0477777777777777
23,Thursday,0.0,3.8194444444444446
23,Monday,0.0,9.254166666666666
20,Tuesday,0.0,12.556111111111111
19,Wednesday,0.0,12.692222222222222
20,Thursday,0.0,11.855555555555556
2,Saturday,0.0,8.454444444444444
16,Saturday,0.0,21.20916666666667
14,Sunday,0.0,2.013888888888889
19,Monday,0.0,3.995
23,Monday,0.0,8.329166666666667
13,Tuesday,0.0,2.812222222222222
17,Tuesday,0.0,2.696111111111111
20,Thursday,0.0,1.1644444444444444
22,Thursday,0.0,10.755
12,Sunday,0.0,1.3305555555555555
13,Monday,0.0,3.803611111111111
17,Monday,0.0,16.560833333333335
23,Tuesday,0.0,9.669166666666667
9,Wednesday,0.0,1.4169444444444443
20,Wednesday,0.0,12.781666666666666
17,Thursday,0.0,2.7730555555555556
20,Thursday,0.0,11.766944444444444
9,Friday,0.0,1.5008333333333332
21,Friday,0.0,12.4825
13,Sunday,0.0,6.281666666666666
18,Monday,0.0,2.963611111111111
22,Monday,0.0,9.917222222222222
10,Tuesday,0.0,1.4919444444444445
21,Tuesday,0.0,11.741666666666667
21,Wednesday,0.0,10.595833333333333
11,Thursday,0.0,2.1433333333333335
13,Thursday,0.0,2.537777777777778
22,Thursday,0.0,10.011666666666667
14,Friday,0.0,2.976111111111111
20,Friday,0.0,3.0091666666666668
23,Friday,0.0,8.444444444444445
15,Sunday,0.0,6.506388888888889
21,Sunday,0.0,11.83
20,Monday,0.0,12.473888888888888
16,Tuesday,0.0,1.1044444444444443
22,Tuesday,0.0,10.600277777777778
19,Wednesday,0.0,12.93361111111111
14,Thursday,0.0,1.388611111111111
19,Thursday,0.0,2.3380555555555556
22,Thursday,0.0,10.617222222222223
19,Saturday,0.0,15.089722222222223
17,Sunday,0.0,2.0630555555555556
19,Sunday,0.0,13.471388888888889
20,Monday,0.0,11.897777777777778
7,Tuesday,0.0,1.1069444444444445
9,Tuesday,0.0,1.3519444444444444
14,Tuesday,0.0,1.1019444444444444
21,Tuesday,0.0,11.491666666666667
9,Wednesday,0.0,1.1697222222222223
12,Wednesday,0.0,1.5875
21,Wednesday,0.0,11.434722222222222
10,Thursday,0.0,1.0097222222222222
12,Thursday,0.0,8.632777777777777
21,Thursday,0.0,11.497777777777777
18,Saturday,0.0,16.738611111111112
21,Monday,0.0,11.0325
11,Tuesday,0.0,1.7416666666666667
20,Tuesday,0.0,12.071111111111112
9,Wednesday,0.0,1.0852777777777778
15,Wednesday,0.0,1.3388888888888888
21,Wednesday,0.0,10.604166666666666
21,Thursday,0.0,10.991388888888888
11,Friday,0.0,2.9411111111111112
20,Friday,0.0,13.641111111111112
15,Sunday,0.0,18.42388888888889
15,Monday,0.0,1.413888888888889
20,Monday,0.0,12.506944444444445
8,Tuesday,0.0,1.048888888888889
12,Tuesday,0.0,1.5155555555555555
21,Wednesday,0.0,12.9925
10,Thursday,0.0,1.4491666666666667
10,Friday,0.0,1.4361111111111111
11,Friday,0.0,1.5402777777777779
13,Friday,0.0,7.932777777777778
21,Friday,0.0,12.883888888888889
16,Sunday,0.0,15.819722222222222
11,Tuesday,0.0,1.0788888888888888
12,Tuesday,0.0,1.685
21,Tuesday,0.0,11.264722222222222
10,Wednesday,0.0,1.096111111111111
11,Wednesday,0.0,1.8294444444444444
17,Wednesday,0.0,1.6325
19,Wednesday,0.0,13.2475
10,Thursday,0.0,1.5572222222222223
19,Thursday,0.0,13.036666666666667
13,Sunday,0.0,3.013333333333333
10,Tuesday,0.0,1.1355555555555557
11,Tuesday,0.0,1.4127777777777777
21,Tuesday,0.0,9.41388888888889
7,Wednesday,0.0,1.5086111111111111
9,Wednesday,0.0,1.1083333333333334
12,Wednesday,0.0,1.4183333333333332
21,Thursday,0.0,1.1402777777777777
13,Friday,0.0,4.136111111111111
18,Friday,0.0,16.720277777777778
13,Saturday,0.0,1.4694444444444446
9,Sunday,0.0,2.011111111111111
12,Sunday,0.0,2.1327777777777777
20,Sunday,0.0,1.83
10,Monday,0.0,1.5105555555555557
15,Monday,0.0,2.901666666666667
18,Monday,0.0,3.2527777777777778
22,Monday,0.0,11.848333333333333
10,Tuesday,0.0,1.0758333333333334
12,Tuesday,0.0,2.6644444444444444
8,Wednesday,0.0,1.3502777777777777
20,Thursday,0.0,12.195555555555556
11,Friday,0.0,1.3663888888888889
13,Sunday,0.0,1.1961111111111111
21,Sunday,0.0,11.408888888888889
9,Monday,0.0,1.3655555555555556
19,Saturday,0.0,15.546111111111111
11,Sunday,0.0,22.102222222222224
11,Monday,0.0,2.751388888888889
14,Monday,0.0,1.1111111111111112
22,Monday,0.0,9.9325
9,Tuesday,0.0,1.4402777777777778
20,Wednesday,0.0,12.855277777777777
9,Thursday,0.0,3.4788888888888887
18,Thursday,0.0,1.0163888888888888
10,Friday,0.0,3.7463888888888888
15,Friday,0.0,1.1836111111111112
16,Friday,0.0,3.609722222222222
20,Friday,0.0,13.296944444444444
11,Sunday,0.0,1.0519444444444443
13,Sunday,0.0,7.083055555555555
20,Sunday,0.0,1.4508333333333334
22,Sunday,0.0,10.940833333333334
11,Monday,0.0,1.708611111111111
20,Saturday,0.0,12.449166666666667
12,Sunday,0.0,2.5669444444444443
10,Tuesday,0.0,1.1641666666666666
9,Friday,0.0,1.0230555555555556
19,Friday,0.0,14.072777777777778
20,Sunday,0.0,11.946388888888889
8,Monday,0.0,1.0675
14,Monday,0.0,5.389444444444444
20,Monday,0.0,2.4625
23,Monday,0.0,9.739166666666666
8,Tuesday,0.0,1.3033333333333332
9,Saturday,0.0,5.025833333333333
14,Saturday,0.0,2.05
13,Sunday,0.0,1.2025
14,Sunday,0.0,5.709722222222222
20,Sunday,0.0,12.31861111111111
8,Monday,0.0,1.8619444444444444
20,Monday,0.0,3.4794444444444443
0,Tuesday,0.0,9.486666666666666
17,Tuesday,0.0,2.4347222222222222
10,Wednesday,0.0,1.9308333333333334
19,Sunday,0.0,13.656944444444445
9,Monday,0.0,1.1961111111111111
14,Monday,0.0,3.063888888888889
9,Tuesday,0.0,1.6247222222222222
11,Wednesday,0.0,1.0555555555555556
11,Friday,0.0,1.7158333333333333
20,Friday,0.0,15.254444444444445
12,Saturday,0.0,1.7641666666666667
14,Saturday,0.0,1.716388888888889
15,Saturday,0.0,21.191944444444445
13,Sunday,0.0,4.104166666666667
17,Sunday,0.0,19.09722222222222
12,Monday,0.0,2.265
14,Monday,0.0,43.25083333333333
11,Wednesday,0.0,2.7552777777777777
16,Wednesday,0.0,2.399722222222222
20,Wednesday,0.0,1.8352777777777778
22,Wednesday,0.0,12.334722222222222
10,Thursday,0.0,23.17
9,Friday,0.0,1.6594444444444445
8,Sunday,0.0,11.391944444444444
19,Sunday,0.0,1.4622222222222223
21,Sunday,0.0,14.672777777777778
12,Monday,0.0,22.695
9,Wednesday,0.0,1.2505555555555556
11,Sunday,0.0,1.0944444444444446
12,Sunday,0.0,2.7283333333333335
15,Sunday,0.0,17.268055555555556
9,Monday,0.0,1.176111111111111
12,Tuesday,0.0,1.195
14,Wednesday,0.0,1.855
19,Wednesday,0.0,1.8975
9,Thursday,0.0,1.988611111111111
10,Sunday,0.0,11.448611111111111
21,Sunday,0.0,2.7616666666666667
0,Monday,0.0,8.238611111111112
8,Monday,0.0,1.9352777777777779
15,Wednesday,0.0,3.9633333333333334
20,Wednesday,0.0,2.5436111111111113
22,Wednesday,0.0,11.823611111111111
10,Thursday,0.0,3.0230555555555556
13,Thursday,0.0,2.4783333333333335
10,Monday,0.0,1.3252777777777778
18,Monday,0.0,4.8886111111111115
23,Monday,0.0,10.558055555555555
9,Tuesday,0.0,1.8933333333333333
13,Wednesday,0.0,1.0966666666666667
14,Wednesday,0.0,20.966666666666665
11,Friday,0.0,24.439722222222223
19,Sunday,0.0,1.7769444444444444
21,Sunday,0.0,12.196111111111112
9,Monday,0.0,1.6366666666666667
12,Monday,0.0,1.028888888888889
10,Tuesday,0.0,3.3216666666666668
13,Tuesday,0.0,1.551111111111111
17,Tuesday,0.0,2.4452777777777777
10,Wednesday,0.0,1.3525
17,Wednesday,0.0,3.7375
21,Wednesday,0.0,14.194444444444445
10,Friday,0.0,1.3836111111111111
13,Monday,0.0,2.645277777777778
20,Monday,0.0,2.4155555555555557
23,Monday,0.0,10.890555555555556
13,Tuesday,0.0,1.2922222222222222
14,Tuesday,0.0,1.0908333333333333
10,Wednesday,0.0,1.2455555555555555
14,Thursday,0.0,6.259444444444444
12,Saturday,0.0,45.63055555555555
9,Monday,0.0,1.7958333333333334
11,Monday,0.0,21.301111111111112
9,Wednesday,0.0,2.1508333333333334
12,Wednesday,0.0,1.1813888888888888
15,Wednesday,0.0,1.0633333333333332
19,Wednesday,0.0,13.5625
17,Thursday,0.0,16.900277777777777
13,Friday,0.0,5.578333333333333
18,Friday,0.0,20.273888888888887
15,Saturday,0.0,4.5125
19,Saturday,0.0,16.54861111111111
12,Sunday,0.0,22.496111111111112
11,Monday,0.0,1.6780555555555556
14,Monday,0.0,1.1816666666666666
20,Monday,0.0,13.047777777777778
11,Tuesday,0.0,1.2355555555555555
10,Thursday,0.0,1.2558333333333334
13,Saturday,0.0,2.4811111111111113
14,Tuesday,0.0,1.898611111111111
16,Tuesday,0.0,1.0605555555555555
17,Tuesday,0.0,1.1219444444444444
19,Tuesday,0.0,15.034166666666666
15,Wednesday,0.0,3.6894444444444443
19,Wednesday,0.0,14.222777777777777
20,Thursday,0.0,13.140555555555556
21,Friday,0.0,11.645
20,Friday,0.0,17.924166666666668
14,Saturday,0.0,19.47833333333333
10,Sunday,0.0,2.3827777777777777
13,Sunday,0.0,3.9483333333333333
16,Sunday,0.0,1.8152777777777778
14,Monday,0.0,1.0883333333333334
20,Monday,0.0,12.159444444444444
13,Tuesday,0.0,1.1316666666666666
14,Tuesday,0.0,2.5030555555555556
21,Tuesday,0.0,14.471666666666666
11,Wednesday,0.0,2.89
9,Thursday,0.0,1.143888888888889
10,Thursday,0.0,1.4136111111111112
0,Monday,0.0,9.473055555555556
9,Monday,0.0,1.2666666666666666
11,Monday,0.0,2.256111111111111
13,Monday,0.0,1.1152777777777778
17,Tuesday,0.0,2.774722222222222
21,Tuesday,0.0,14.283055555555556
8,Thursday,0.0,1.3272222222222223
13,Thursday,0.0,2.983611111111111
23,Thursday,0.0,10.261388888888888
11,Tuesday,0.0,1.636111111111111
7,Wednesday,0.0,1.9030555555555555
9,Thursday,0.0,1.1480555555555556
18,Thursday,0.0,13.59388888888889
7,Friday,0.0,2.859722222222222
14,Saturday,0.0,7.565555555555555
22,Saturday,0.0,14.399444444444445
12,Sunday,0.0,1.1897222222222221
14,Sunday,0.0,3.2105555555555556
20,Sunday,0.0,3.466388888888889
22,Monday,0.0,10.728333333333333
14,Tuesday,0.0,1.0619444444444444
16,Thursday,0.0,1.2794444444444444
17,Thursday,0.0,1.0866666666666667
18,Thursday,0.0,1.6505555555555556
23,Thursday,0.0,7.885
7,Friday,0.0,1.6797222222222221
8,Saturday,0.0,1.0625
11,Sunday,0.0,4.211388888888889
20,Sunday,0.0,12.509722222222223
9,Monday,0.0,1.7733333333333334
11,Monday,0.0,201.89138888888888
13,Wednesday,0.0,73.29166666666667
11,Tuesday,0.0,1.3719444444444444
17,Tuesday,0.0,1.4347222222222222
19,Tuesday,0.0,14.676666666666666
10,Wednesday,0.0,1.1088888888888888
17,Thursday,0.0,16.58416666666667
10,Friday,0.0,2.01
19,Saturday,0.0,16.406944444444445
12,Sunday,0.0,25.0725
20,Monday,0.0,15.355
11,Tuesday,0.0,1.15
13,Tuesday,0.0,1.3025
14,Tuesday,0.0,1.5666666666666667
16,Thursday,0.0,1.3722222222222222
13,Sunday,0.0,2.975277777777778
16,Sunday,0.0,16.889166666666668
10,Monday,0.0,1.426388888888889
11,Monday,0.0,1.2975
18,Monday,0.0,4.536666666666667
23,Monday,0.0,10.875
17,Tuesday,0.0,2.4744444444444444
21,Wednesday,0.0,11.709722222222222
22,Thursday,0.0,1.0197222222222222
19,Friday,0.0,2.803611111111111
20,Monday,0.0,13.803611111111111
12,Tuesday,0.0,1.0686111111111112
15,Tuesday,0.0,3.6819444444444445
18,Tuesday,0.0,15.74
12,Wednesday,0.0,1.2383333333333333
20,Wednesday,0.0,12.838888888888889
12,Thursday,0.0,1.081388888888889
16,Thursday,0.0,2.125
14,Sunday,0.0,1.5897222222222223
10,Monday,0.0,1.581388888888889
23,Monday,0.0,11.653333333333334
16,Tuesday,0.0,4.5344444444444445
20,Tuesday,0.0,12.437777777777777
21,Wednesday,0.0,12.617222222222223
11,Thursday,0.0,1.0697222222222222
9,Friday,0.0,1.1016666666666666
20,Sunday,0.0,12.222222222222221
9,Monday,0.0,2.9325
9,Tuesday,0.0,1.4041666666666666
11,Tuesday,0.0,1.3858333333333333
11,Wednesday,0.0,1.1483333333333334
13,Wednesday,0.0,1.4155555555555555
21,Wednesday,0.0,11.533055555555556
13,Thursday,0.0,3.647222222222222
0,Sunday,0.0,9.505833333333333
16,Sunday,0.0,1.4194444444444445
19,Sunday,0.0,14.892777777777777
20,Monday,0.0,12.393333333333333
12,Tuesday,0.0,2.1319444444444446
16,Tuesday,0.0,2.3627777777777776
22,Tuesday,0.0,10.39638888888889
9,Wednesday,0.0,2.2241666666666666
21,Wednesday,0.0,11.521944444444445
15,Saturday,0.0,19.88083333333333
11,Sunday,0.0,1.7044444444444444
20,Monday,0.0,12.990555555555556
11,Tuesday,0.0,1.23
18,Tuesday,0.0,14.49638888888889
21,Wednesday,0.0,11.675555555555556
17,Friday,0.0,3.0722222222222224
20,Friday,0.0,15.330277777777777
10,Sunday,0.0,3.0741666666666667
10,Monday,0.0,2.0244444444444443
13,Wednesday,0.0,1.0744444444444445
14,Wednesday,0.0,5.265555555555555
19,Wednesday,0.0,2.6
22,Wednesday,0.0,16.00722222222222
18,Friday,0.0,18.956944444444446
20,Tuesday,0.0,16.99111111111111
